/*
Navicat MySQL Data Transfer

Source Server         : java
Source Server Version : 50505
Source Host           : localhost:3306
Source Database       : java

Target Server Type    : MYSQL
Target Server Version : 50505
File Encoding         : 65001

Date: 2017-12-01 11:56:16
*/

SET FOREIGN_KEY_CHECKS=0;

-- ----------------------------
-- Table structure for `arl`
-- ----------------------------
DROP TABLE IF EXISTS `arl`;
CREATE TABLE `arl` (
  `cod` int(10) NOT NULL AUTO_INCREMENT,
  `nom` varchar(50) DEFAULT NULL,
  `nit` varchar(15) DEFAULT NULL,
  PRIMARY KEY (`cod`)
) ENGINE=InnoDB DEFAULT CHARSET=latin1;

-- ----------------------------
-- Records of arl
-- ----------------------------

-- ----------------------------
-- Table structure for `aseguradora`
-- ----------------------------
DROP TABLE IF EXISTS `aseguradora`;
CREATE TABLE `aseguradora` (
  `cod` int(10) NOT NULL AUTO_INCREMENT,
  `nom` varchar(50) DEFAULT NULL,
  `nit` varchar(10) DEFAULT NULL,
  PRIMARY KEY (`cod`)
) ENGINE=InnoDB AUTO_INCREMENT=111 DEFAULT CHARSET=latin1;

-- ----------------------------
-- Records of aseguradora
-- ----------------------------
INSERT INTO `aseguradora` VALUES ('1', 'SURA', '3213123');
INSERT INTO `aseguradora` VALUES ('2', 'SSS COLMEDICA ENTIDAD PROMOTORA DE SALUD S.A', '8301138310');
INSERT INTO `aseguradora` VALUES ('3', 'SSS COLMENA RIESGOS PROFESIONALES S.A', '8002261753');
INSERT INTO `aseguradora` VALUES ('4', 'SSS COMPAÑIA AGRICOLA DE SEGUROS DE VIDA S.A', '8600025286');
INSERT INTO `aseguradora` VALUES ('5', 'SSS CAJA DE COMPENSACION FAMILIAR COMFENALCO CUNDI', '8600066060');
INSERT INTO `aseguradora` VALUES ('6', 'SSS CAJA DE COMPENSACION FAMILIAR COMPENSAR', '8600669427');
INSERT INTO `aseguradora` VALUES ('7', 'SSS CAJA DE COMPENSACION FAMILIAR COMPENSAR', '8600669427');
INSERT INTO `aseguradora` VALUES ('8', 'SSS COMFENALCO VALLE', '8903030935');
INSERT INTO `aseguradora` VALUES ('9', 'SSS COMFENALCO VALLE', '8903030935');
INSERT INTO `aseguradora` VALUES ('10', 'SSS SALUD COLPATRIA S.A', '8605122376');
INSERT INTO `aseguradora` VALUES ('11', 'SSS SEGUROS DE VIDA COLPATRIA S.A', '8600021839');
INSERT INTO `aseguradora` VALUES ('12', 'SSS SEGUROS DE VIDA DEL ESTADO S.A', '8600091744');
INSERT INTO `aseguradora` VALUES ('13', 'SSS CAFESALUD EPS', '8001409496');
INSERT INTO `aseguradora` VALUES ('14', 'SSS CAJA DE COMPENSACION FAMILIAR COMFENALCO SANTA', '8902015787');
INSERT INTO `aseguradora` VALUES ('15', 'SSS CRUZBLANCA S.A', '8300097830');
INSERT INTO `aseguradora` VALUES ('16', 'SSS E.P.S FAMISANAR LTDA. CAFAM COLSUBSIDIO', '8300035647');
INSERT INTO `aseguradora` VALUES ('17', 'SSS CAJA COLOMBIANA DE SUBSIDIO FAMILIAR COLSUBSID', '8600073361');
INSERT INTO `aseguradora` VALUES ('18', 'SSS CAJA DE COMPENSACION FAMILIAR CAJASAI', '8924003205');
INSERT INTO `aseguradora` VALUES ('19', 'SSS CAJA DE COMPENSACION FAMILIAR DE BOYACA COMFAB', '8918002138');
INSERT INTO `aseguradora` VALUES ('20', 'SSS CAJA DE COMPENSACION FAMILIAR DE NARIÑO', '8912800081');
INSERT INTO `aseguradora` VALUES ('21', 'SSS CAJA DE COMPENSACION FAMILIAR DEL ORIENTE COMF', '8905006756');
INSERT INTO `aseguradora` VALUES ('22', 'SSS COMFACASANARE', '8440033928');
INSERT INTO `aseguradora` VALUES ('23', 'SSS COMFENALCO DEL TOLIMA', '8907001484');
INSERT INTO `aseguradora` VALUES ('24', 'SSS SEGUROS BOLIVAR S.A', '8600025032');
INSERT INTO `aseguradora` VALUES ('25', 'SSS ADMINISTRADORA DE FONDOS DE PENSIONES Y CESANT', '8002248088');
INSERT INTO `aseguradora` VALUES ('26', 'SSS CAJA DE COMPENSACION FAMILIAR DE ARAUCA COMFIA', '8002194884');
INSERT INTO `aseguradora` VALUES ('27', 'SSS CAJA DE COMPENSACION FAMILIAR DE CALDAS CONFAM', '8908064905');
INSERT INTO `aseguradora` VALUES ('28', 'SSS CAJA DE COMPENSACION FAMILIAR DE CORDOBA COMFA', '8910800051');
INSERT INTO `aseguradora` VALUES ('29', 'SSS CAJA DE COMPENSACION FAMILIAR DE HONDA COMFAHO', '8907006793');
INSERT INTO `aseguradora` VALUES ('30', 'SSS CAJA DE COMPENSACION FAMILIAR DE TULUA', '8919002800');
INSERT INTO `aseguradora` VALUES ('31', 'SSS CAJA DE COMPENSACION FAMILIAR DEL CAQUETA COMF', '8911900472');
INSERT INTO `aseguradora` VALUES ('32', 'SSS CAJA DE COMPENSACION FAMILIAR REGIONAL DEL MET', '8920001463');
INSERT INTO `aseguradora` VALUES ('33', 'SSS COMFASUCRE', '8922000155');
INSERT INTO `aseguradora` VALUES ('34', 'SSS COMPAÑÍA DE SEGUROS DE VIDA AURORA S.A', '8600221375');
INSERT INTO `aseguradora` VALUES ('35', 'SSS E.P.S SANITAS S.A', '8002514406');
INSERT INTO `aseguradora` VALUES ('36', 'SSS LA PREVISORA VIDA S.A. COMPAÑÍA DE SEGUROS', '8600111536');
INSERT INTO `aseguradora` VALUES ('37', 'SSS SALUDCOLOMBIA EPS S.A', '8050219842');
INSERT INTO `aseguradora` VALUES ('38', 'SSS SALUDCOOP EPS', '8002501191');
INSERT INTO `aseguradora` VALUES ('39', 'SSS SALUDVIDA S.A EPS', '8300741845');
INSERT INTO `aseguradora` VALUES ('40', 'SSS SERVICIO OCCIDENTAL DE SALUD S.A. S.O.S', '8050011572');
INSERT INTO `aseguradora` VALUES ('41', 'SSS SOLIDARIA DE SALUD SOLSALUD S.A', '8040012735');
INSERT INTO `aseguradora` VALUES ('42', 'SSS COMFENALCO CARTAGENA', '8904800237');
INSERT INTO `aseguradora` VALUES ('43', 'SSS CAJA DE COMPENSACION FAMILIAR COMFENALCO QUIND', '8900003810');
INSERT INTO `aseguradora` VALUES ('44', 'SSS CAJA DE COMPENSACION FAMILIAR DE CARTAGO', '8919004520');
INSERT INTO `aseguradora` VALUES ('45', 'SSS CAJA DE COMPENSACION FAMILIAR DEL MAGDALENA', '8917800933');
INSERT INTO `aseguradora` VALUES ('46', 'SSS CAJA DE COMPENSACION FAMILIAR DEL NORTE DE SAN', '8905005163');
INSERT INTO `aseguradora` VALUES ('47', 'SSS CAJA DE COMPENSACION FAMILIAR DEL QUINDIO', '8900000626');
INSERT INTO `aseguradora` VALUES ('48', 'SSS CAJA DE COMPENSACION FAMILIAR DEL VALLE DEL CA', '8903032085');
INSERT INTO `aseguradora` VALUES ('49', 'SSS COMFAMILIAR HUILA', '8911800082');
INSERT INTO `aseguradora` VALUES ('50', 'SSS COMFAMILIARES UNIDAS DEL VALLE', '8913800034');
INSERT INTO `aseguradora` VALUES ('51', 'SSS COOMEVA EPS S.A', '8050004271');
INSERT INTO `aseguradora` VALUES ('52', 'SSS SEGUROS DE VIDA ALFA S.A', '8605036173');
INSERT INTO `aseguradora` VALUES ('53', 'SSS CAJA DE COMPENSACION FAMILIAR DE BARRANCABERME', '8902702755');
INSERT INTO `aseguradora` VALUES ('54', 'SSS CAJA DE COMPENSACION FLIAR DEL SUR DEL TOLIMA ', '8907047370');
INSERT INTO `aseguradora` VALUES ('55', 'SSS INSTITUTO DE SEGUROS SOCIALES', '8600138161');
INSERT INTO `aseguradora` VALUES ('56', 'SSS INSTITUTO DE SEGUROS SOCIALES', '8600138161');
INSERT INTO `aseguradora` VALUES ('57', 'SSS INSTITUTO DE SEGUROS SOCIALES', '8600138161');
INSERT INTO `aseguradora` VALUES ('58', 'SSS CAJA DE COMPENSACION FAMILIAR CAJACOPI ATLANTI', '8901020441');
INSERT INTO `aseguradora` VALUES ('59', 'SSS CAJA DE COMPENSACION FAMILIAR DE BUENAVENTURA ', '8903040338');
INSERT INTO `aseguradora` VALUES ('60', 'SSS CAJA DE COMPENSACION FAMILIAR DE CARTAGENA COM', '8904801101');
INSERT INTO `aseguradora` VALUES ('61', 'SSS CAJA SANTANDEREANA DE SUBSIDIO FAMILIAR CAJASA', '8902001061');
INSERT INTO `aseguradora` VALUES ('62', 'SSS CAPRECOM', '8999990260');
INSERT INTO `aseguradora` VALUES ('63', 'SSS CAPRECOM', '8999990260');
INSERT INTO `aseguradora` VALUES ('64', 'SSS COMFAMILIAR AFIDRO', '8600073315');
INSERT INTO `aseguradora` VALUES ('65', 'SSS ESCUELA SUPERIOR DE ADMINISTRACION PUBLICA ESA', '8999990547');
INSERT INTO `aseguradora` VALUES ('66', 'SSS ESCUELA SUPERIOR DE ADMINISTRACION PUBLICA ESA', '8002485291');
INSERT INTO `aseguradora` VALUES ('67', 'SSS ESCUELA SUPERIOR DE ADMINISTRACION PUBLICA ESA', '8001175196');
INSERT INTO `aseguradora` VALUES ('68', 'SSS CAJA DE COMPENSACION FAMILIAR DE BARRANQUILLA ', '8901020022');
INSERT INTO `aseguradora` VALUES ('69', 'SSS FONDO DE PENSIONES SANTANDER', '8002248278');
INSERT INTO `aseguradora` VALUES ('70', 'SSS LIBERTY SEGUROS DE VIDA S.A', '8600086457');
INSERT INTO `aseguradora` VALUES ('71', 'SSS SALUD TOTAL S.A EPS ARS', '8001309074');
INSERT INTO `aseguradora` VALUES ('72', 'SSS CAJA DE AUXILIOS Y DE PRESTACIONES DE ACDAC CA', '8600073798');
INSERT INTO `aseguradora` VALUES ('73', 'SSS ASEGURADORA DE VIDA COLSEGUROS S.A.', '8600274041');
INSERT INTO `aseguradora` VALUES ('74', 'SSS CAJA DE COMPENSACION FAMILIAR CAMACOL COMFAMIL', '8909008401');
INSERT INTO `aseguradora` VALUES ('75', 'SSS CAJA DE COMPENSACION FAMILIAR COMFENALCO ANTIO', '8909008426');
INSERT INTO `aseguradora` VALUES ('76', 'SSS CAJA DE COMPENSACION FAMILIAR COMFENALCO ANTIO', '8909008426');
INSERT INTO `aseguradora` VALUES ('77', 'SSS CAJA DE COMPENSACION FAMILIAR DE ANTIOQUIA COM', '8909008419');
INSERT INTO `aseguradora` VALUES ('78', 'SSS CAJA DE COMPENSACION FAMILIAR DE LA GUAJIRA', '8921150065');
INSERT INTO `aseguradora` VALUES ('79', 'SSS CAJA DE COMPENSACION FLIAR. DEL CAUCA COMFACAU', '8915001820');
INSERT INTO `aseguradora` VALUES ('80', 'SSS CAJA NACIONAL DE PREVISION SOCIAL', '8999990103');
INSERT INTO `aseguradora` VALUES ('81', 'SSS COMFAMILIAR DEL ATLANTICO', '8901019949');
INSERT INTO `aseguradora` VALUES ('82', 'SSS COMPAÑIA SURAMERICANA DE SERVICIOS DE SALUD S.', '8000887022');
INSERT INTO `aseguradora` VALUES ('83', 'SSS FONDO ALTERNATIVO DE PENSIONES SKANDIA', '8301251322');
INSERT INTO `aseguradora` VALUES ('84', 'SSS FONDO DE PREVISION SOCIAL DEL CONGRESO DE LA R', '8999997347');
INSERT INTO `aseguradora` VALUES ('85', 'SSS FONDO OBLIGATORIO DE PENSIONES SKANDIA', '8002530552');
INSERT INTO `aseguradora` VALUES ('86', 'SSS PROTECCION FONDO DE PENSIONES OBLIGATORIAS', '8002297390');
INSERT INTO `aseguradora` VALUES ('87', 'SSS SERVICIO NACIONAL DE APRENDIZAJE SENA', '8999990341');
INSERT INTO `aseguradora` VALUES ('88', 'SSS SURATEP SA', '8002561619');
INSERT INTO `aseguradora` VALUES ('89', 'SSS CAJA DE COMPENSACION FAMILIAR DEL AMAZONAS', '8000031226');
INSERT INTO `aseguradora` VALUES ('90', 'SSS CAJA DE COMPENSACION FAMILIAR DEL PUTUMAYO', '8912003378');
INSERT INTO `aseguradora` VALUES ('91', 'SSS FONDO DE PASIVO SOCIAL DE FERROCARRILES NACION', '8001128062');
INSERT INTO `aseguradora` VALUES ('92', 'SSS MINISTERIO DE EDUCACION NACIONAL', '8999990017');
INSERT INTO `aseguradora` VALUES ('93', 'SSS PENSIONES DE ANTIOQUIA', '8002162780');
INSERT INTO `aseguradora` VALUES ('94', 'SSS BBVA SEGUROS DE VIDA SA', '8002408820');
INSERT INTO `aseguradora` VALUES ('95', 'SSS CAJA DE COMPENSACION FAMILIAR CAFAM', '8600135703');
INSERT INTO `aseguradora` VALUES ('96', 'SSS CAJA DE COMPENSACION FAMILIAR CAMPESINA COMCAJ', '800231969');
INSERT INTO `aseguradora` VALUES ('97', 'SSS COMFACESAR', '8923999898');
INSERT INTO `aseguradora` VALUES ('98', 'SSS FONDO DE PENSIONES HORIZONTE', '8002319671');
INSERT INTO `aseguradora` VALUES ('99', 'SSS FONDO DE PENSIONES OBLIGATORIAS COLFONDOS', '8002279406');
INSERT INTO `aseguradora` VALUES ('100', 'SSS HUMANA VIVIR S.A EPS', '8300064040');
INSERT INTO `aseguradora` VALUES ('101', 'SSS INSTITUTO COLOMBIANO DE BIENESTAR FAMILIAR I.C', '8999992392');
INSERT INTO `aseguradora` VALUES ('102', 'SSS LA EQUIDAD SEGUROS DE VIDA', '8300086861');
INSERT INTO `aseguradora` VALUES ('103', 'SSS REDSALUD ATENCION HUMANA EPS S.A.', '8300965131');
INSERT INTO `aseguradora` VALUES ('104', 'SSS CAJA DE COMPENSACION FAMILIAR DE LA DORADA COM', '8908012637');
INSERT INTO `aseguradora` VALUES ('105', 'SSS CAJA DE COMPENSACION FAMILIAR DEL CHOCO', '8916000918');
INSERT INTO `aseguradora` VALUES ('106', 'SSS EMPRESAS PUBLICAS DE MEDELLIN SERVICIOS MEDICO', '8909049961');
INSERT INTO `aseguradora` VALUES ('107', 'SSS CAJA DE COMPENSACION FAMILIAR DE CUNDINAMARCA ', '8600459047');
INSERT INTO `aseguradora` VALUES ('108', 'SSS UNISALUD', '8999990633');
INSERT INTO `aseguradora` VALUES ('109', 'SSS CAJA DE COMPENSACION FAMILIAR DEL TOLIMA COMFA', '8002110251');
INSERT INTO `aseguradora` VALUES ('110', 'SSS CAJA DE COMPENSACION FAMILIAR DE RISARALDA', '8914800001');

-- ----------------------------
-- Table structure for `bancos`
-- ----------------------------
DROP TABLE IF EXISTS `bancos`;
CREATE TABLE `bancos` (
  `cod` int(10) NOT NULL AUTO_INCREMENT,
  `nom` varchar(50) DEFAULT NULL,
  `nit` varchar(15) DEFAULT NULL,
  PRIMARY KEY (`cod`)
) ENGINE=InnoDB AUTO_INCREMENT=80 DEFAULT CHARSET=latin1;

-- ----------------------------
-- Records of bancos
-- ----------------------------
INSERT INTO `bancos` VALUES ('50', 'Banco de Bogotá', '860002964-4');
INSERT INTO `bancos` VALUES ('51', 'Banco Popular S.A', '860007738-9');
INSERT INTO `bancos` VALUES ('52', 'ITAÚ CORPBANCA COLOMBIA S.A', '890903937-0');
INSERT INTO `bancos` VALUES ('53', 'Bancolombia S.A. o Banco de Colombia S.A. o Bancol', '890903938-8');
INSERT INTO `bancos` VALUES ('54', 'Citibank-Colombia - Expresión Citibank', '860051135-4');
INSERT INTO `bancos` VALUES ('55', 'BANCO GNB SUDAMERIS S.A', '860050750-1');
INSERT INTO `bancos` VALUES ('56', 'Banco Bilbao Vizcaya Argentaria Colombia S.A', '860003020-1');
INSERT INTO `bancos` VALUES ('57', 'Banco  de  Occidente S.A', '890300279-4');
INSERT INTO `bancos` VALUES ('58', 'BANCO CAJA SOCIAL S.A', '860007335-4');
INSERT INTO `bancos` VALUES ('59', 'Banco Davivienda S.A', '860034313-7');
INSERT INTO `bancos` VALUES ('60', 'Banco Colpatria Multibanca Colpatria S.A', '860034594-1');
INSERT INTO `bancos` VALUES ('61', 'Banco Agrario de Colombia S.A', '800037800-8');
INSERT INTO `bancos` VALUES ('62', 'Banco Comercial AV Villas S.A', '860035827-5');
INSERT INTO `bancos` VALUES ('63', 'Corporación Grancolombiana de Ahorro y Vivienda Gr', '889900778-6');
INSERT INTO `bancos` VALUES ('64', 'Ahorramás Corporación de Ahorro y Vivienda', '860034133-8');
INSERT INTO `bancos` VALUES ('65', 'Corporación de Ahorro y Vivienda AV Villas', '889977554-8');
INSERT INTO `bancos` VALUES ('66', 'Corporación Social de Ahorro y Vivienda Colmena ', '884455666-9');
INSERT INTO `bancos` VALUES ('67', 'Corporación Nacional de Ahorro y Vivienda Conavi', '889955664-9');
INSERT INTO `bancos` VALUES ('68', 'Banco ProCredit Colombia S.A', '900200960-9');
INSERT INTO `bancos` VALUES ('69', 'Banco de las Microfinanzas Bancamía S.A', '900215071-1');
INSERT INTO `bancos` VALUES ('70', 'Banco W S.A', '900378212-2');
INSERT INTO `bancos` VALUES ('71', 'Banco Coomeva S.A ', '900406150-5');
INSERT INTO `bancos` VALUES ('72', 'Banco Finandina S.A', '860051894-6');
INSERT INTO `bancos` VALUES ('73', 'Banco Falabella S.A', '900047981-8');
INSERT INTO `bancos` VALUES ('74', 'Banco Pichincha S.A', '890200756-7');
INSERT INTO `bancos` VALUES ('75', 'El Banco Cooperativo Coopcentral', '890203088-9');
INSERT INTO `bancos` VALUES ('76', 'BANCO SANTANDER DE NEGOCIOS COLOMBIA S. A', '900628110-3');
INSERT INTO `bancos` VALUES ('77', 'BANCO MUNDO MUJER S.A', '900768933-8');
INSERT INTO `bancos` VALUES ('78', 'BANCO MULTIBANK S.A', '860024414-1');
INSERT INTO `bancos` VALUES ('79', 'BANCO COMPARTIR S.A', '860025971-5');

-- ----------------------------
-- Table structure for `caja_compensacion`
-- ----------------------------
DROP TABLE IF EXISTS `caja_compensacion`;
CREATE TABLE `caja_compensacion` (
  `cod` int(10) NOT NULL AUTO_INCREMENT,
  `nom` varchar(50) DEFAULT NULL,
  `nit` varchar(15) DEFAULT NULL,
  PRIMARY KEY (`cod`)
) ENGINE=InnoDB DEFAULT CHARSET=latin1;

-- ----------------------------
-- Records of caja_compensacion
-- ----------------------------

-- ----------------------------
-- Table structure for `cargos`
-- ----------------------------
DROP TABLE IF EXISTS `cargos`;
CREATE TABLE `cargos` (
  `cod` int(10) NOT NULL AUTO_INCREMENT,
  `nom` varchar(50) DEFAULT NULL,
  PRIMARY KEY (`cod`)
) ENGINE=InnoDB DEFAULT CHARSET=latin1;

-- ----------------------------
-- Records of cargos
-- ----------------------------

-- ----------------------------
-- Table structure for `ciudad`
-- ----------------------------
DROP TABLE IF EXISTS `ciudad`;
CREATE TABLE `ciudad` (
  `cod` int(10) NOT NULL AUTO_INCREMENT,
  `nombre` varchar(50) DEFAULT NULL,
  `dpto` int(10) DEFAULT NULL,
  PRIMARY KEY (`cod`),
  KEY `dpto` (`dpto`),
  CONSTRAINT `ciudad_ibfk_1` FOREIGN KEY (`dpto`) REFERENCES `dptos` (`cod`)
) ENGINE=InnoDB AUTO_INCREMENT=99774 DEFAULT CHARSET=latin1;

-- ----------------------------
-- Records of ciudad
-- ----------------------------
INSERT INTO `ciudad` VALUES ('5001', 'MEDELLÍN', '5');
INSERT INTO `ciudad` VALUES ('5002', 'ABEJORRAL', '5');
INSERT INTO `ciudad` VALUES ('5004', 'ABRIAQUÍ', '5');
INSERT INTO `ciudad` VALUES ('5021', 'ALEJANDRÍA', '5');
INSERT INTO `ciudad` VALUES ('5030', 'AMAGÁ', '5');
INSERT INTO `ciudad` VALUES ('5031', 'AMALFI', '5');
INSERT INTO `ciudad` VALUES ('5034', 'ANDES', '5');
INSERT INTO `ciudad` VALUES ('5036', 'ANGELÓPOLIS', '5');
INSERT INTO `ciudad` VALUES ('5038', 'ANGOSTURA', '5');
INSERT INTO `ciudad` VALUES ('5040', 'ANORÍ', '5');
INSERT INTO `ciudad` VALUES ('5042', 'SANTAFÉ DE ANTIOQUIA', '5');
INSERT INTO `ciudad` VALUES ('5044', 'ANZA', '5');
INSERT INTO `ciudad` VALUES ('5045', 'APARTADÓ', '5');
INSERT INTO `ciudad` VALUES ('5051', 'ARBOLETES', '5');
INSERT INTO `ciudad` VALUES ('5055', 'ARGELIA', '5');
INSERT INTO `ciudad` VALUES ('5059', 'ARMENIA', '5');
INSERT INTO `ciudad` VALUES ('5079', 'BARBOSA', '5');
INSERT INTO `ciudad` VALUES ('5086', 'BELMIRA', '5');
INSERT INTO `ciudad` VALUES ('5088', 'BELLO', '5');
INSERT INTO `ciudad` VALUES ('5091', 'BETANIA', '5');
INSERT INTO `ciudad` VALUES ('5093', 'BETULIA', '5');
INSERT INTO `ciudad` VALUES ('5101', 'CIUDAD BOLÍVAR', '5');
INSERT INTO `ciudad` VALUES ('5107', 'BRICEÑO', '5');
INSERT INTO `ciudad` VALUES ('5113', 'BURITICÁ', '5');
INSERT INTO `ciudad` VALUES ('5120', 'CÁCERES', '5');
INSERT INTO `ciudad` VALUES ('5125', 'CAICEDO', '5');
INSERT INTO `ciudad` VALUES ('5129', 'CALDAS', '5');
INSERT INTO `ciudad` VALUES ('5134', 'CAMPAMENTO', '5');
INSERT INTO `ciudad` VALUES ('5138', 'CAÑASGORDAS', '5');
INSERT INTO `ciudad` VALUES ('5142', 'CARACOLÍ', '5');
INSERT INTO `ciudad` VALUES ('5145', 'CARAMANTA', '5');
INSERT INTO `ciudad` VALUES ('5147', 'CAREPA', '5');
INSERT INTO `ciudad` VALUES ('5148', 'EL CARMEN DE VIBORAL', '5');
INSERT INTO `ciudad` VALUES ('5150', 'CAROLINA', '5');
INSERT INTO `ciudad` VALUES ('5154', 'CAUCASIA', '5');
INSERT INTO `ciudad` VALUES ('5172', 'CHIGORODÓ', '5');
INSERT INTO `ciudad` VALUES ('5190', 'CISNEROS', '5');
INSERT INTO `ciudad` VALUES ('5197', 'COCORNÁ', '5');
INSERT INTO `ciudad` VALUES ('5206', 'CONCEPCIÓN', '5');
INSERT INTO `ciudad` VALUES ('5209', 'CONCORDIA', '5');
INSERT INTO `ciudad` VALUES ('5212', 'COPACABANA', '5');
INSERT INTO `ciudad` VALUES ('5234', 'DABEIBA', '5');
INSERT INTO `ciudad` VALUES ('5237', 'DON MATÍAS', '5');
INSERT INTO `ciudad` VALUES ('5240', 'EBÉJICO', '5');
INSERT INTO `ciudad` VALUES ('5250', 'EL BAGRE', '5');
INSERT INTO `ciudad` VALUES ('5264', 'ENTRERRIOS', '5');
INSERT INTO `ciudad` VALUES ('5266', 'ENVIGADO', '5');
INSERT INTO `ciudad` VALUES ('5282', 'FREDONIA', '5');
INSERT INTO `ciudad` VALUES ('5284', 'FRONTINO', '5');
INSERT INTO `ciudad` VALUES ('5306', 'GIRALDO', '5');
INSERT INTO `ciudad` VALUES ('5308', 'GIRARDOTA', '5');
INSERT INTO `ciudad` VALUES ('5310', 'GÓMEZ PLATA', '5');
INSERT INTO `ciudad` VALUES ('5313', 'GRANADA', '5');
INSERT INTO `ciudad` VALUES ('5315', 'GUADALUPE', '5');
INSERT INTO `ciudad` VALUES ('5318', 'GUARNE', '5');
INSERT INTO `ciudad` VALUES ('5321', 'GUATAPE', '5');
INSERT INTO `ciudad` VALUES ('5347', 'HELICONIA', '5');
INSERT INTO `ciudad` VALUES ('5353', 'HISPANIA', '5');
INSERT INTO `ciudad` VALUES ('5360', 'ITAGUI', '5');
INSERT INTO `ciudad` VALUES ('5361', 'ITUANGO', '5');
INSERT INTO `ciudad` VALUES ('5364', 'JARDÍN', '5');
INSERT INTO `ciudad` VALUES ('5368', 'JERICÓ', '5');
INSERT INTO `ciudad` VALUES ('5376', 'LA CEJA', '5');
INSERT INTO `ciudad` VALUES ('5380', 'LA ESTRELLA', '5');
INSERT INTO `ciudad` VALUES ('5390', 'LA PINTADA', '5');
INSERT INTO `ciudad` VALUES ('5400', 'LA UNIÓN', '5');
INSERT INTO `ciudad` VALUES ('5411', 'LIBORINA', '5');
INSERT INTO `ciudad` VALUES ('5425', 'MACEO', '5');
INSERT INTO `ciudad` VALUES ('5440', 'MARINILLA', '5');
INSERT INTO `ciudad` VALUES ('5467', 'MONTEBELLO', '5');
INSERT INTO `ciudad` VALUES ('5475', 'MURINDÓ', '5');
INSERT INTO `ciudad` VALUES ('5480', 'MUTATÁ', '5');
INSERT INTO `ciudad` VALUES ('5483', 'NARIÑO', '5');
INSERT INTO `ciudad` VALUES ('5490', 'NECOCLÍ', '5');
INSERT INTO `ciudad` VALUES ('5495', 'NECHÍ', '5');
INSERT INTO `ciudad` VALUES ('5501', 'OLAYA', '5');
INSERT INTO `ciudad` VALUES ('5541', 'PEÑOL', '5');
INSERT INTO `ciudad` VALUES ('5543', 'PEQUE', '5');
INSERT INTO `ciudad` VALUES ('5576', 'PUEBLORRICO', '5');
INSERT INTO `ciudad` VALUES ('5579', 'PUERTO BERRÍO', '5');
INSERT INTO `ciudad` VALUES ('5585', 'PUERTO NARE', '5');
INSERT INTO `ciudad` VALUES ('5591', 'PUERTO TRIUNFO', '5');
INSERT INTO `ciudad` VALUES ('5604', 'REMEDIOS', '5');
INSERT INTO `ciudad` VALUES ('5607', 'RETIRO', '5');
INSERT INTO `ciudad` VALUES ('5615', 'RIONEGRO', '5');
INSERT INTO `ciudad` VALUES ('5628', 'SABANALARGA', '5');
INSERT INTO `ciudad` VALUES ('5631', 'SABANETA', '5');
INSERT INTO `ciudad` VALUES ('5642', 'SALGAR', '5');
INSERT INTO `ciudad` VALUES ('5647', 'SAN ANDRÉS', '5');
INSERT INTO `ciudad` VALUES ('5649', 'SAN CARLOS', '5');
INSERT INTO `ciudad` VALUES ('5652', 'SAN FRANCISCO', '5');
INSERT INTO `ciudad` VALUES ('5656', 'SAN JERÓNIMO', '5');
INSERT INTO `ciudad` VALUES ('5658', 'SAN JOSÉ DE LA MONTAÑA', '5');
INSERT INTO `ciudad` VALUES ('5659', 'SAN JUAN DE URABÁ', '5');
INSERT INTO `ciudad` VALUES ('5660', 'SAN LUIS', '5');
INSERT INTO `ciudad` VALUES ('5664', 'SAN PEDRO', '5');
INSERT INTO `ciudad` VALUES ('5665', 'SAN PEDRO DE URABA', '5');
INSERT INTO `ciudad` VALUES ('5667', 'SAN RAFAEL', '5');
INSERT INTO `ciudad` VALUES ('5670', 'SAN ROQUE', '5');
INSERT INTO `ciudad` VALUES ('5674', 'SAN VICENTE', '5');
INSERT INTO `ciudad` VALUES ('5679', 'SANTA BÁRBARA', '5');
INSERT INTO `ciudad` VALUES ('5686', 'SANTA ROSA DE OSOS', '5');
INSERT INTO `ciudad` VALUES ('5690', 'SANTO DOMINGO', '5');
INSERT INTO `ciudad` VALUES ('5697', 'EL SANTUARIO', '5');
INSERT INTO `ciudad` VALUES ('5736', 'SEGOVIA', '5');
INSERT INTO `ciudad` VALUES ('5756', 'SONSON', '5');
INSERT INTO `ciudad` VALUES ('5761', 'SOPETRÁN', '5');
INSERT INTO `ciudad` VALUES ('5789', 'TÁMESIS', '5');
INSERT INTO `ciudad` VALUES ('5790', 'TARAZÁ', '5');
INSERT INTO `ciudad` VALUES ('5792', 'TARSO', '5');
INSERT INTO `ciudad` VALUES ('5809', 'TITIRIBÍ', '5');
INSERT INTO `ciudad` VALUES ('5819', 'TOLEDO', '5');
INSERT INTO `ciudad` VALUES ('5837', 'TURBO', '5');
INSERT INTO `ciudad` VALUES ('5842', 'URAMITA', '5');
INSERT INTO `ciudad` VALUES ('5847', 'URRAO', '5');
INSERT INTO `ciudad` VALUES ('5854', 'VALDIVIA', '5');
INSERT INTO `ciudad` VALUES ('5856', 'VALPARAÍSO', '5');
INSERT INTO `ciudad` VALUES ('5858', 'VEGACHÍ', '5');
INSERT INTO `ciudad` VALUES ('5861', 'VENECIA', '5');
INSERT INTO `ciudad` VALUES ('5873', 'VIGÍA DEL FUERTE', '5');
INSERT INTO `ciudad` VALUES ('5885', 'YALÍ', '5');
INSERT INTO `ciudad` VALUES ('5887', 'YARUMAL', '5');
INSERT INTO `ciudad` VALUES ('5890', 'YOLOMBÓ', '5');
INSERT INTO `ciudad` VALUES ('5893', 'YONDÓ', '5');
INSERT INTO `ciudad` VALUES ('5895', 'ZARAGOZA', '5');
INSERT INTO `ciudad` VALUES ('8001', 'BARRANQUILLA', '8');
INSERT INTO `ciudad` VALUES ('8078', 'BARANOA', '8');
INSERT INTO `ciudad` VALUES ('8137', 'CAMPO DE LA CRUZ', '8');
INSERT INTO `ciudad` VALUES ('8141', 'CANDELARIA', '8');
INSERT INTO `ciudad` VALUES ('8296', 'GALAPA', '8');
INSERT INTO `ciudad` VALUES ('8372', 'JUAN DE ACOSTA', '8');
INSERT INTO `ciudad` VALUES ('8421', 'LURUACO', '8');
INSERT INTO `ciudad` VALUES ('8433', 'MALAMBO', '8');
INSERT INTO `ciudad` VALUES ('8436', 'MANATÍ', '8');
INSERT INTO `ciudad` VALUES ('8520', 'PALMAR DE VARELA', '8');
INSERT INTO `ciudad` VALUES ('8549', 'PIOJÓ', '8');
INSERT INTO `ciudad` VALUES ('8558', 'POLONUEVO', '8');
INSERT INTO `ciudad` VALUES ('8560', 'PONEDERA', '8');
INSERT INTO `ciudad` VALUES ('8573', 'PUERTO COLOMBIA', '8');
INSERT INTO `ciudad` VALUES ('8606', 'REPELÓN', '8');
INSERT INTO `ciudad` VALUES ('8634', 'SABANAGRANDE', '8');
INSERT INTO `ciudad` VALUES ('8638', 'SABANALARGA', '8');
INSERT INTO `ciudad` VALUES ('8675', 'SANTA LUCÍA', '8');
INSERT INTO `ciudad` VALUES ('8685', 'SANTO TOMÁS', '8');
INSERT INTO `ciudad` VALUES ('8758', 'SOLEDAD', '8');
INSERT INTO `ciudad` VALUES ('8770', 'SUAN', '8');
INSERT INTO `ciudad` VALUES ('8832', 'TUBARÁ', '8');
INSERT INTO `ciudad` VALUES ('8849', 'USIACURÍ', '8');
INSERT INTO `ciudad` VALUES ('11001', 'BOGOTÁ', '11');
INSERT INTO `ciudad` VALUES ('13001', 'CARTAGENA', '13');
INSERT INTO `ciudad` VALUES ('13006', 'ACHÍ', '13');
INSERT INTO `ciudad` VALUES ('13030', 'ALTOS DEL ROSARIO', '13');
INSERT INTO `ciudad` VALUES ('13042', 'ARENAL', '13');
INSERT INTO `ciudad` VALUES ('13052', 'ARJONA', '13');
INSERT INTO `ciudad` VALUES ('13062', 'ARROYOHONDO', '13');
INSERT INTO `ciudad` VALUES ('13074', 'BARRANCO DE LOBA', '13');
INSERT INTO `ciudad` VALUES ('13140', 'CALAMAR', '13');
INSERT INTO `ciudad` VALUES ('13160', 'CANTAGALLO', '13');
INSERT INTO `ciudad` VALUES ('13188', 'CICUCO', '13');
INSERT INTO `ciudad` VALUES ('13212', 'CÓRDOBA', '13');
INSERT INTO `ciudad` VALUES ('13222', 'CLEMENCIA', '13');
INSERT INTO `ciudad` VALUES ('13244', 'EL CARMEN DE BOLÍVAR', '13');
INSERT INTO `ciudad` VALUES ('13248', 'EL GUAMO', '13');
INSERT INTO `ciudad` VALUES ('13268', 'EL PEÑÓN', '13');
INSERT INTO `ciudad` VALUES ('13300', 'HATILLO DE LOBA', '13');
INSERT INTO `ciudad` VALUES ('13430', 'MAGANGUÉ', '13');
INSERT INTO `ciudad` VALUES ('13433', 'MAHATES', '13');
INSERT INTO `ciudad` VALUES ('13440', 'MARGARITA', '13');
INSERT INTO `ciudad` VALUES ('13442', 'MARÍA LA BAJA', '13');
INSERT INTO `ciudad` VALUES ('13458', 'MONTECRISTO', '13');
INSERT INTO `ciudad` VALUES ('13468', 'MOMPÓS', '13');
INSERT INTO `ciudad` VALUES ('13473', 'MORALES', '13');
INSERT INTO `ciudad` VALUES ('13549', 'PINILLOS', '13');
INSERT INTO `ciudad` VALUES ('13580', 'REGIDOR', '13');
INSERT INTO `ciudad` VALUES ('13600', 'RÍO VIEJO', '13');
INSERT INTO `ciudad` VALUES ('13620', 'SAN CRISTÓBAL', '13');
INSERT INTO `ciudad` VALUES ('13647', 'SAN ESTANISLAO', '13');
INSERT INTO `ciudad` VALUES ('13650', 'SAN FERNANDO', '13');
INSERT INTO `ciudad` VALUES ('13654', 'SAN JACINTO', '13');
INSERT INTO `ciudad` VALUES ('13655', 'SAN JACINTO DEL CAUCA', '13');
INSERT INTO `ciudad` VALUES ('13657', 'SAN JUAN NEPOMUCENO', '13');
INSERT INTO `ciudad` VALUES ('13667', 'SAN MARTÍN DE LOBA', '13');
INSERT INTO `ciudad` VALUES ('13670', 'SAN PABLO', '13');
INSERT INTO `ciudad` VALUES ('13673', 'SANTA CATALINA', '13');
INSERT INTO `ciudad` VALUES ('13683', 'SANTA ROSA', '13');
INSERT INTO `ciudad` VALUES ('13688', 'SANTA ROSA DEL SUR', '13');
INSERT INTO `ciudad` VALUES ('13744', 'SIMITÍ', '13');
INSERT INTO `ciudad` VALUES ('13760', 'SOPLAVIENTO', '13');
INSERT INTO `ciudad` VALUES ('13780', 'TALAIGUA NUEVO', '13');
INSERT INTO `ciudad` VALUES ('13810', 'TIQUISIO', '13');
INSERT INTO `ciudad` VALUES ('13836', 'TURBACO', '13');
INSERT INTO `ciudad` VALUES ('13838', 'TURBANÁ', '13');
INSERT INTO `ciudad` VALUES ('13873', 'VILLANUEVA', '13');
INSERT INTO `ciudad` VALUES ('13894', 'ZAMBRANO', '13');
INSERT INTO `ciudad` VALUES ('15001', 'TUNJA', '15');
INSERT INTO `ciudad` VALUES ('15022', 'ALMEIDA', '15');
INSERT INTO `ciudad` VALUES ('15047', 'AQUITANIA', '15');
INSERT INTO `ciudad` VALUES ('15051', 'ARCABUCO', '15');
INSERT INTO `ciudad` VALUES ('15087', 'BELÉN', '15');
INSERT INTO `ciudad` VALUES ('15090', 'BERBEO', '15');
INSERT INTO `ciudad` VALUES ('15092', 'BETÉITIVA', '15');
INSERT INTO `ciudad` VALUES ('15097', 'BOAVITA', '15');
INSERT INTO `ciudad` VALUES ('15104', 'BOYACÁ', '15');
INSERT INTO `ciudad` VALUES ('15106', 'BRICEÑO', '15');
INSERT INTO `ciudad` VALUES ('15109', 'BUENAVISTA', '15');
INSERT INTO `ciudad` VALUES ('15114', 'BUSBANZÁ', '15');
INSERT INTO `ciudad` VALUES ('15131', 'CALDAS', '15');
INSERT INTO `ciudad` VALUES ('15135', 'CAMPOHERMOSO', '15');
INSERT INTO `ciudad` VALUES ('15162', 'CERINZA', '15');
INSERT INTO `ciudad` VALUES ('15172', 'CHINAVITA', '15');
INSERT INTO `ciudad` VALUES ('15176', 'CHIQUINQUIRÁ', '15');
INSERT INTO `ciudad` VALUES ('15180', 'CHISCAS', '15');
INSERT INTO `ciudad` VALUES ('15183', 'CHITA', '15');
INSERT INTO `ciudad` VALUES ('15185', 'CHITARAQUE', '15');
INSERT INTO `ciudad` VALUES ('15187', 'CHIVATÁ', '15');
INSERT INTO `ciudad` VALUES ('15189', 'CIÉNEGA', '15');
INSERT INTO `ciudad` VALUES ('15204', 'CÓMBITA', '15');
INSERT INTO `ciudad` VALUES ('15212', 'COPER', '15');
INSERT INTO `ciudad` VALUES ('15215', 'CORRALES', '15');
INSERT INTO `ciudad` VALUES ('15218', 'COVARACHÍA', '15');
INSERT INTO `ciudad` VALUES ('15223', 'CUBARÁ', '15');
INSERT INTO `ciudad` VALUES ('15224', 'CUCAITA', '15');
INSERT INTO `ciudad` VALUES ('15226', 'CUÍTIVA', '15');
INSERT INTO `ciudad` VALUES ('15232', 'CHÍQUIZA', '15');
INSERT INTO `ciudad` VALUES ('15236', 'CHIVOR', '15');
INSERT INTO `ciudad` VALUES ('15238', 'DUITAMA', '15');
INSERT INTO `ciudad` VALUES ('15244', 'EL COCUY', '15');
INSERT INTO `ciudad` VALUES ('15248', 'EL ESPINO', '15');
INSERT INTO `ciudad` VALUES ('15272', 'FIRAVITOBA', '15');
INSERT INTO `ciudad` VALUES ('15276', 'FLORESTA', '15');
INSERT INTO `ciudad` VALUES ('15293', 'GACHANTIVÁ', '15');
INSERT INTO `ciudad` VALUES ('15296', 'GAMEZA', '15');
INSERT INTO `ciudad` VALUES ('15299', 'GARAGOA', '15');
INSERT INTO `ciudad` VALUES ('15317', 'GUACAMAYAS', '15');
INSERT INTO `ciudad` VALUES ('15322', 'GUATEQUE', '15');
INSERT INTO `ciudad` VALUES ('15325', 'GUAYATÁ', '15');
INSERT INTO `ciudad` VALUES ('15332', 'GÜICÁN', '15');
INSERT INTO `ciudad` VALUES ('15362', 'IZA', '15');
INSERT INTO `ciudad` VALUES ('15367', 'JENESANO', '15');
INSERT INTO `ciudad` VALUES ('15368', 'JERICÓ', '15');
INSERT INTO `ciudad` VALUES ('15377', 'LABRANZAGRANDE', '15');
INSERT INTO `ciudad` VALUES ('15380', 'LA CAPILLA', '15');
INSERT INTO `ciudad` VALUES ('15401', 'LA VICTORIA', '15');
INSERT INTO `ciudad` VALUES ('15403', 'LA UVITA', '15');
INSERT INTO `ciudad` VALUES ('15407', 'VILLA DE LEYVA', '15');
INSERT INTO `ciudad` VALUES ('15425', 'MACANAL', '15');
INSERT INTO `ciudad` VALUES ('15442', 'MARIPÍ', '15');
INSERT INTO `ciudad` VALUES ('15455', 'MIRAFLORES', '15');
INSERT INTO `ciudad` VALUES ('15464', 'MONGUA', '15');
INSERT INTO `ciudad` VALUES ('15466', 'MONGUÍ', '15');
INSERT INTO `ciudad` VALUES ('15469', 'MONIQUIRÁ', '15');
INSERT INTO `ciudad` VALUES ('15476', 'MOTAVITA', '15');
INSERT INTO `ciudad` VALUES ('15480', 'MUZO', '15');
INSERT INTO `ciudad` VALUES ('15491', 'NOBSA', '15');
INSERT INTO `ciudad` VALUES ('15494', 'NUEVO COLÓN', '15');
INSERT INTO `ciudad` VALUES ('15500', 'OICATÁ', '15');
INSERT INTO `ciudad` VALUES ('15507', 'OTANCHE', '15');
INSERT INTO `ciudad` VALUES ('15511', 'PACHAVITA', '15');
INSERT INTO `ciudad` VALUES ('15514', 'PÁEZ', '15');
INSERT INTO `ciudad` VALUES ('15516', 'PAIPA', '15');
INSERT INTO `ciudad` VALUES ('15518', 'PAJARITO', '15');
INSERT INTO `ciudad` VALUES ('15522', 'PANQUEBA', '15');
INSERT INTO `ciudad` VALUES ('15531', 'PAUNA', '15');
INSERT INTO `ciudad` VALUES ('15533', 'PAYA', '15');
INSERT INTO `ciudad` VALUES ('15537', 'PAZ DE RÍO', '15');
INSERT INTO `ciudad` VALUES ('15542', 'PESCA', '15');
INSERT INTO `ciudad` VALUES ('15550', 'PISBA', '15');
INSERT INTO `ciudad` VALUES ('15572', 'PUERTO BOYACÁ', '15');
INSERT INTO `ciudad` VALUES ('15580', 'QUÍPAMA', '15');
INSERT INTO `ciudad` VALUES ('15599', 'RAMIRIQUÍ', '15');
INSERT INTO `ciudad` VALUES ('15600', 'RÁQUIRA', '15');
INSERT INTO `ciudad` VALUES ('15621', 'RONDÓN', '15');
INSERT INTO `ciudad` VALUES ('15632', 'SABOYÁ', '15');
INSERT INTO `ciudad` VALUES ('15638', 'SÁCHICA', '15');
INSERT INTO `ciudad` VALUES ('15646', 'SAMACÁ', '15');
INSERT INTO `ciudad` VALUES ('15660', 'SAN EDUARDO', '15');
INSERT INTO `ciudad` VALUES ('15664', 'SAN JOSÉ DE PARE', '15');
INSERT INTO `ciudad` VALUES ('15667', 'SAN LUIS DE GACENO', '15');
INSERT INTO `ciudad` VALUES ('15673', 'SAN MATEO', '15');
INSERT INTO `ciudad` VALUES ('15676', 'SAN MIGUEL DE SEMA', '15');
INSERT INTO `ciudad` VALUES ('15681', 'SAN PABLO DE BORBUR', '15');
INSERT INTO `ciudad` VALUES ('15686', 'SANTANA', '15');
INSERT INTO `ciudad` VALUES ('15690', 'SANTA MARÍA', '15');
INSERT INTO `ciudad` VALUES ('15693', 'SANTA ROSA DE VITERBO', '15');
INSERT INTO `ciudad` VALUES ('15696', 'SANTA SOFÍA', '15');
INSERT INTO `ciudad` VALUES ('15720', 'SATIVANORTE', '15');
INSERT INTO `ciudad` VALUES ('15723', 'SATIVASUR', '15');
INSERT INTO `ciudad` VALUES ('15740', 'SIACHOQUE', '15');
INSERT INTO `ciudad` VALUES ('15753', 'SOATÁ', '15');
INSERT INTO `ciudad` VALUES ('15755', 'SOCOTÁ', '15');
INSERT INTO `ciudad` VALUES ('15757', 'SOCHA', '15');
INSERT INTO `ciudad` VALUES ('15759', 'SOGAMOSO', '15');
INSERT INTO `ciudad` VALUES ('15761', 'SOMONDOCO', '15');
INSERT INTO `ciudad` VALUES ('15762', 'SORA', '15');
INSERT INTO `ciudad` VALUES ('15763', 'SOTAQUIRÁ', '15');
INSERT INTO `ciudad` VALUES ('15764', 'SORACÁ', '15');
INSERT INTO `ciudad` VALUES ('15774', 'SUSACÓN', '15');
INSERT INTO `ciudad` VALUES ('15776', 'SUTAMARCHÁN', '15');
INSERT INTO `ciudad` VALUES ('15778', 'SUTATENZA', '15');
INSERT INTO `ciudad` VALUES ('15790', 'TASCO', '15');
INSERT INTO `ciudad` VALUES ('15798', 'TENZA', '15');
INSERT INTO `ciudad` VALUES ('15804', 'TIBANÁ', '15');
INSERT INTO `ciudad` VALUES ('15806', 'TIBASOSA', '15');
INSERT INTO `ciudad` VALUES ('15808', 'TINJACÁ', '15');
INSERT INTO `ciudad` VALUES ('15810', 'TIPACOQUE', '15');
INSERT INTO `ciudad` VALUES ('15814', 'TOCA', '15');
INSERT INTO `ciudad` VALUES ('15816', 'TOGÜÍ', '15');
INSERT INTO `ciudad` VALUES ('15820', 'TÓPAGA', '15');
INSERT INTO `ciudad` VALUES ('15822', 'TOTA', '15');
INSERT INTO `ciudad` VALUES ('15832', 'TUNUNGUÁ', '15');
INSERT INTO `ciudad` VALUES ('15835', 'TURMEQUÉ', '15');
INSERT INTO `ciudad` VALUES ('15837', 'TUTA', '15');
INSERT INTO `ciudad` VALUES ('15839', 'TUTAZÁ', '15');
INSERT INTO `ciudad` VALUES ('15842', 'UMBITA', '15');
INSERT INTO `ciudad` VALUES ('15861', 'VENTAQUEMADA', '15');
INSERT INTO `ciudad` VALUES ('15879', 'VIRACACHÁ', '15');
INSERT INTO `ciudad` VALUES ('15897', 'ZETAQUIRA', '15');
INSERT INTO `ciudad` VALUES ('17001', 'MANIZALES', '17');
INSERT INTO `ciudad` VALUES ('17013', 'AGUADAS', '17');
INSERT INTO `ciudad` VALUES ('17042', 'ANSERMA', '17');
INSERT INTO `ciudad` VALUES ('17050', 'ARANZAZU', '17');
INSERT INTO `ciudad` VALUES ('17088', 'BELALCÁZAR', '17');
INSERT INTO `ciudad` VALUES ('17174', 'CHINCHINÁ', '17');
INSERT INTO `ciudad` VALUES ('17272', 'FILADELFIA', '17');
INSERT INTO `ciudad` VALUES ('17380', 'LA DORADA', '17');
INSERT INTO `ciudad` VALUES ('17388', 'LA MERCED', '17');
INSERT INTO `ciudad` VALUES ('17433', 'MANZANARES', '17');
INSERT INTO `ciudad` VALUES ('17442', 'MARMATO', '17');
INSERT INTO `ciudad` VALUES ('17444', 'MARQUETALIA', '17');
INSERT INTO `ciudad` VALUES ('17446', 'MARULANDA', '17');
INSERT INTO `ciudad` VALUES ('17486', 'NEIRA', '17');
INSERT INTO `ciudad` VALUES ('17495', 'NORCASIA', '17');
INSERT INTO `ciudad` VALUES ('17513', 'PÁCORA', '17');
INSERT INTO `ciudad` VALUES ('17524', 'PALESTINA', '17');
INSERT INTO `ciudad` VALUES ('17541', 'PENSILVANIA', '17');
INSERT INTO `ciudad` VALUES ('17614', 'RIOSUCIO', '17');
INSERT INTO `ciudad` VALUES ('17616', 'RISARALDA', '17');
INSERT INTO `ciudad` VALUES ('17653', 'SALAMINA', '17');
INSERT INTO `ciudad` VALUES ('17662', 'SAMANÁ', '17');
INSERT INTO `ciudad` VALUES ('17665', 'SAN JOSÉ', '17');
INSERT INTO `ciudad` VALUES ('17777', 'SUPÍA', '17');
INSERT INTO `ciudad` VALUES ('17867', 'VICTORIA', '17');
INSERT INTO `ciudad` VALUES ('17873', 'VILLAMARÍA', '17');
INSERT INTO `ciudad` VALUES ('17877', 'VITERBO', '17');
INSERT INTO `ciudad` VALUES ('18001', 'FLORENCIA', '18');
INSERT INTO `ciudad` VALUES ('18029', 'ALBANIA', '18');
INSERT INTO `ciudad` VALUES ('18094', 'BELÉN DE LOS ANDAQUIES', '18');
INSERT INTO `ciudad` VALUES ('18150', 'CARTAGENA DEL CHAIRÁ', '18');
INSERT INTO `ciudad` VALUES ('18205', 'CURILLO', '18');
INSERT INTO `ciudad` VALUES ('18247', 'EL DONCELLO', '18');
INSERT INTO `ciudad` VALUES ('18256', 'EL PAUJIL', '18');
INSERT INTO `ciudad` VALUES ('18410', 'LA MONTAÑITA', '18');
INSERT INTO `ciudad` VALUES ('18460', 'MILÁN', '18');
INSERT INTO `ciudad` VALUES ('18479', 'MORELIA', '18');
INSERT INTO `ciudad` VALUES ('18592', 'PUERTO RICO', '18');
INSERT INTO `ciudad` VALUES ('18610', 'SAN JOSÉ DEL FRAGUA', '18');
INSERT INTO `ciudad` VALUES ('18753', 'SAN VICENTE DEL CAGUÁN', '18');
INSERT INTO `ciudad` VALUES ('18756', 'SOLANO', '18');
INSERT INTO `ciudad` VALUES ('18785', 'SOLITA', '18');
INSERT INTO `ciudad` VALUES ('18860', 'VALPARAÍSO', '18');
INSERT INTO `ciudad` VALUES ('19001', 'POPAYÁN', '19');
INSERT INTO `ciudad` VALUES ('19022', 'ALMAGUER', '19');
INSERT INTO `ciudad` VALUES ('19050', 'ARGELIA', '19');
INSERT INTO `ciudad` VALUES ('19075', 'BALBOA', '19');
INSERT INTO `ciudad` VALUES ('19100', 'BOLÍVAR', '19');
INSERT INTO `ciudad` VALUES ('19110', 'BUENOS AIRES', '19');
INSERT INTO `ciudad` VALUES ('19130', 'CAJIBÍO', '19');
INSERT INTO `ciudad` VALUES ('19137', 'CALDONO', '19');
INSERT INTO `ciudad` VALUES ('19142', 'CALOTO', '19');
INSERT INTO `ciudad` VALUES ('19212', 'CORINTO', '19');
INSERT INTO `ciudad` VALUES ('19256', 'EL TAMBO', '19');
INSERT INTO `ciudad` VALUES ('19290', 'FLORENCIA', '19');
INSERT INTO `ciudad` VALUES ('19318', 'GUAPI', '19');
INSERT INTO `ciudad` VALUES ('19355', 'INZÁ', '19');
INSERT INTO `ciudad` VALUES ('19364', 'JAMBALÓ', '19');
INSERT INTO `ciudad` VALUES ('19392', 'LA SIERRA', '19');
INSERT INTO `ciudad` VALUES ('19397', 'LA VEGA', '19');
INSERT INTO `ciudad` VALUES ('19418', 'LÓPEZ', '19');
INSERT INTO `ciudad` VALUES ('19450', 'MERCADERES', '19');
INSERT INTO `ciudad` VALUES ('19455', 'MIRANDA', '19');
INSERT INTO `ciudad` VALUES ('19473', 'MORALES', '19');
INSERT INTO `ciudad` VALUES ('19513', 'PADILLA', '19');
INSERT INTO `ciudad` VALUES ('19517', 'PAEZ', '19');
INSERT INTO `ciudad` VALUES ('19532', 'PATÍA', '19');
INSERT INTO `ciudad` VALUES ('19533', 'PIAMONTE', '19');
INSERT INTO `ciudad` VALUES ('19548', 'PIENDAMÓ', '19');
INSERT INTO `ciudad` VALUES ('19573', 'PUERTO TEJADA', '19');
INSERT INTO `ciudad` VALUES ('19585', 'PURACÉ', '19');
INSERT INTO `ciudad` VALUES ('19622', 'ROSAS', '19');
INSERT INTO `ciudad` VALUES ('19693', 'SAN SEBASTIÁN', '19');
INSERT INTO `ciudad` VALUES ('19698', 'SANTANDER DE QUILICHAO', '19');
INSERT INTO `ciudad` VALUES ('19701', 'SANTA ROSA', '19');
INSERT INTO `ciudad` VALUES ('19743', 'SILVIA', '19');
INSERT INTO `ciudad` VALUES ('19760', 'SOTARA', '19');
INSERT INTO `ciudad` VALUES ('19780', 'SUÁREZ', '19');
INSERT INTO `ciudad` VALUES ('19785', 'SUCRE', '19');
INSERT INTO `ciudad` VALUES ('19807', 'TIMBÍO', '19');
INSERT INTO `ciudad` VALUES ('19809', 'TIMBIQUÍ', '19');
INSERT INTO `ciudad` VALUES ('19821', 'TORIBIO', '19');
INSERT INTO `ciudad` VALUES ('19824', 'TOTORÓ', '19');
INSERT INTO `ciudad` VALUES ('19845', 'VILLA RICA', '19');
INSERT INTO `ciudad` VALUES ('20001', 'VALLEDUPAR', '20');
INSERT INTO `ciudad` VALUES ('20011', 'AGUACHICA', '20');
INSERT INTO `ciudad` VALUES ('20013', 'AGUSTÍN CODAZZI', '20');
INSERT INTO `ciudad` VALUES ('20032', 'ASTREA', '20');
INSERT INTO `ciudad` VALUES ('20045', 'BECERRIL', '20');
INSERT INTO `ciudad` VALUES ('20060', 'BOSCONIA', '20');
INSERT INTO `ciudad` VALUES ('20175', 'CHIMICHAGUA', '20');
INSERT INTO `ciudad` VALUES ('20178', 'CHIRIGUANÁ', '20');
INSERT INTO `ciudad` VALUES ('20228', 'CURUMANÍ', '20');
INSERT INTO `ciudad` VALUES ('20238', 'EL COPEY', '20');
INSERT INTO `ciudad` VALUES ('20250', 'EL PASO', '20');
INSERT INTO `ciudad` VALUES ('20295', 'GAMARRA', '20');
INSERT INTO `ciudad` VALUES ('20310', 'GONZÁLEZ', '20');
INSERT INTO `ciudad` VALUES ('20383', 'LA GLORIA', '20');
INSERT INTO `ciudad` VALUES ('20400', 'LA JAGUA DE IBIRICO', '20');
INSERT INTO `ciudad` VALUES ('20443', 'MANAURE', '20');
INSERT INTO `ciudad` VALUES ('20517', 'PAILITAS', '20');
INSERT INTO `ciudad` VALUES ('20550', 'PELAYA', '20');
INSERT INTO `ciudad` VALUES ('20570', 'PUEBLO BELLO', '20');
INSERT INTO `ciudad` VALUES ('20614', 'RÍO DE ORO', '20');
INSERT INTO `ciudad` VALUES ('20621', 'LA PAZ', '20');
INSERT INTO `ciudad` VALUES ('20710', 'SAN ALBERTO', '20');
INSERT INTO `ciudad` VALUES ('20750', 'SAN DIEGO', '20');
INSERT INTO `ciudad` VALUES ('20770', 'SAN MARTÍN', '20');
INSERT INTO `ciudad` VALUES ('20787', 'TAMALAMEQUE', '20');
INSERT INTO `ciudad` VALUES ('23001', 'MONTERÍA', '23');
INSERT INTO `ciudad` VALUES ('23068', 'AYAPEL', '23');
INSERT INTO `ciudad` VALUES ('23079', 'BUENAVISTA', '23');
INSERT INTO `ciudad` VALUES ('23090', 'CANALETE', '23');
INSERT INTO `ciudad` VALUES ('23162', 'CERETÉ', '23');
INSERT INTO `ciudad` VALUES ('23168', 'CHIMÁ', '23');
INSERT INTO `ciudad` VALUES ('23182', 'CHINÚ', '23');
INSERT INTO `ciudad` VALUES ('23189', 'CIÉNAGA DE ORO', '23');
INSERT INTO `ciudad` VALUES ('23300', 'COTORRA', '23');
INSERT INTO `ciudad` VALUES ('23350', 'LA APARTADA', '23');
INSERT INTO `ciudad` VALUES ('23417', 'LORICA', '23');
INSERT INTO `ciudad` VALUES ('23419', 'LOS CÓRDOBAS', '23');
INSERT INTO `ciudad` VALUES ('23464', 'MOMIL', '23');
INSERT INTO `ciudad` VALUES ('23466', 'MONTELÍBANO', '23');
INSERT INTO `ciudad` VALUES ('23500', 'MOÑITOS', '23');
INSERT INTO `ciudad` VALUES ('23555', 'PLANETA RICA', '23');
INSERT INTO `ciudad` VALUES ('23570', 'PUEBLO NUEVO', '23');
INSERT INTO `ciudad` VALUES ('23574', 'PUERTO ESCONDIDO', '23');
INSERT INTO `ciudad` VALUES ('23580', 'PUERTO LIBERTADOR', '23');
INSERT INTO `ciudad` VALUES ('23586', 'PURÍSIMA', '23');
INSERT INTO `ciudad` VALUES ('23660', 'SAHAGÚN', '23');
INSERT INTO `ciudad` VALUES ('23670', 'SAN ANDRÉS SOTAVENTO', '23');
INSERT INTO `ciudad` VALUES ('23672', 'SAN ANTERO', '23');
INSERT INTO `ciudad` VALUES ('23675', 'SAN BERNARDO DEL VIENTO', '23');
INSERT INTO `ciudad` VALUES ('23678', 'SAN CARLOS', '23');
INSERT INTO `ciudad` VALUES ('23686', 'SAN PELAYO', '23');
INSERT INTO `ciudad` VALUES ('23807', 'TIERRALTA', '23');
INSERT INTO `ciudad` VALUES ('23855', 'VALENCIA', '23');
INSERT INTO `ciudad` VALUES ('25001', 'AGUA DE DIOS', '25');
INSERT INTO `ciudad` VALUES ('25019', 'ALBÁN', '25');
INSERT INTO `ciudad` VALUES ('25035', 'ANAPOIMA', '25');
INSERT INTO `ciudad` VALUES ('25040', 'ANOLAIMA', '25');
INSERT INTO `ciudad` VALUES ('25053', 'ARBELÁEZ', '25');
INSERT INTO `ciudad` VALUES ('25086', 'BELTRÁN', '25');
INSERT INTO `ciudad` VALUES ('25095', 'BITUIMA', '25');
INSERT INTO `ciudad` VALUES ('25099', 'BOJACÁ', '25');
INSERT INTO `ciudad` VALUES ('25120', 'CABRERA', '25');
INSERT INTO `ciudad` VALUES ('25123', 'CACHIPAY', '25');
INSERT INTO `ciudad` VALUES ('25126', 'CAJICÁ', '25');
INSERT INTO `ciudad` VALUES ('25148', 'CAPARRAPÍ', '25');
INSERT INTO `ciudad` VALUES ('25151', 'CAQUEZA', '25');
INSERT INTO `ciudad` VALUES ('25154', 'CARMEN DE CARUPA', '25');
INSERT INTO `ciudad` VALUES ('25168', 'CHAGUANÍ', '25');
INSERT INTO `ciudad` VALUES ('25175', 'CHÍA', '25');
INSERT INTO `ciudad` VALUES ('25178', 'CHIPAQUE', '25');
INSERT INTO `ciudad` VALUES ('25181', 'CHOACHÍ', '25');
INSERT INTO `ciudad` VALUES ('25183', 'CHOCONTÁ', '25');
INSERT INTO `ciudad` VALUES ('25200', 'COGUA', '25');
INSERT INTO `ciudad` VALUES ('25214', 'COTA', '25');
INSERT INTO `ciudad` VALUES ('25224', 'CUCUNUBÁ', '25');
INSERT INTO `ciudad` VALUES ('25245', 'EL COLEGIO', '25');
INSERT INTO `ciudad` VALUES ('25258', 'EL PEÑÓN', '25');
INSERT INTO `ciudad` VALUES ('25260', 'EL ROSAL', '25');
INSERT INTO `ciudad` VALUES ('25269', 'FACATATIVÁ', '25');
INSERT INTO `ciudad` VALUES ('25279', 'FOMEQUE', '25');
INSERT INTO `ciudad` VALUES ('25281', 'FOSCA', '25');
INSERT INTO `ciudad` VALUES ('25286', 'FUNZA', '25');
INSERT INTO `ciudad` VALUES ('25288', 'FÚQUENE', '25');
INSERT INTO `ciudad` VALUES ('25290', 'FUSAGASUGÁ', '25');
INSERT INTO `ciudad` VALUES ('25293', 'GACHALA', '25');
INSERT INTO `ciudad` VALUES ('25295', 'GACHANCIPÁ', '25');
INSERT INTO `ciudad` VALUES ('25297', 'GACHETÁ', '25');
INSERT INTO `ciudad` VALUES ('25299', 'GAMA', '25');
INSERT INTO `ciudad` VALUES ('25307', 'GIRARDOT', '25');
INSERT INTO `ciudad` VALUES ('25312', 'GRANADA', '25');
INSERT INTO `ciudad` VALUES ('25317', 'GUACHETÁ', '25');
INSERT INTO `ciudad` VALUES ('25320', 'GUADUAS', '25');
INSERT INTO `ciudad` VALUES ('25322', 'GUASCA', '25');
INSERT INTO `ciudad` VALUES ('25324', 'GUATAQUÍ', '25');
INSERT INTO `ciudad` VALUES ('25326', 'GUATAVITA', '25');
INSERT INTO `ciudad` VALUES ('25328', 'GUAYABAL DE SIQUIMA', '25');
INSERT INTO `ciudad` VALUES ('25335', 'GUAYABETAL', '25');
INSERT INTO `ciudad` VALUES ('25339', 'GUTIÉRREZ', '25');
INSERT INTO `ciudad` VALUES ('25368', 'JERUSALÉN', '25');
INSERT INTO `ciudad` VALUES ('25372', 'JUNÍN', '25');
INSERT INTO `ciudad` VALUES ('25377', 'LA CALERA', '25');
INSERT INTO `ciudad` VALUES ('25386', 'LA MESA', '25');
INSERT INTO `ciudad` VALUES ('25394', 'LA PALMA', '25');
INSERT INTO `ciudad` VALUES ('25398', 'LA PEÑA', '25');
INSERT INTO `ciudad` VALUES ('25402', 'LA VEGA', '25');
INSERT INTO `ciudad` VALUES ('25407', 'LENGUAZAQUE', '25');
INSERT INTO `ciudad` VALUES ('25426', 'MACHETA', '25');
INSERT INTO `ciudad` VALUES ('25430', 'MADRID', '25');
INSERT INTO `ciudad` VALUES ('25436', 'MANTA', '25');
INSERT INTO `ciudad` VALUES ('25438', 'MEDINA', '25');
INSERT INTO `ciudad` VALUES ('25473', 'MOSQUERA', '25');
INSERT INTO `ciudad` VALUES ('25483', 'NARIÑO', '25');
INSERT INTO `ciudad` VALUES ('25486', 'NEMOCÓN', '25');
INSERT INTO `ciudad` VALUES ('25488', 'NILO', '25');
INSERT INTO `ciudad` VALUES ('25489', 'NIMAIMA', '25');
INSERT INTO `ciudad` VALUES ('25491', 'NOCAIMA', '25');
INSERT INTO `ciudad` VALUES ('25506', 'VENECIA', '25');
INSERT INTO `ciudad` VALUES ('25513', 'PACHO', '25');
INSERT INTO `ciudad` VALUES ('25518', 'PAIME', '25');
INSERT INTO `ciudad` VALUES ('25524', 'PANDI', '25');
INSERT INTO `ciudad` VALUES ('25530', 'PARATEBUENO', '25');
INSERT INTO `ciudad` VALUES ('25535', 'PASCA', '25');
INSERT INTO `ciudad` VALUES ('25572', 'PUERTO SALGAR', '25');
INSERT INTO `ciudad` VALUES ('25580', 'PULÍ', '25');
INSERT INTO `ciudad` VALUES ('25592', 'QUEBRADANEGRA', '25');
INSERT INTO `ciudad` VALUES ('25594', 'QUETAME', '25');
INSERT INTO `ciudad` VALUES ('25596', 'QUIPILE', '25');
INSERT INTO `ciudad` VALUES ('25599', 'APULO', '25');
INSERT INTO `ciudad` VALUES ('25612', 'RICAURTE', '25');
INSERT INTO `ciudad` VALUES ('25645', 'SAN ANTONIO DEL TEQUENDAM', '25');
INSERT INTO `ciudad` VALUES ('25649', 'SAN BERNARDO', '25');
INSERT INTO `ciudad` VALUES ('25653', 'SAN CAYETANO', '25');
INSERT INTO `ciudad` VALUES ('25658', 'SAN FRANCISCO', '25');
INSERT INTO `ciudad` VALUES ('25662', 'SAN JUAN DE RÍO SECO', '25');
INSERT INTO `ciudad` VALUES ('25718', 'SASAIMA', '25');
INSERT INTO `ciudad` VALUES ('25736', 'SESQUILÉ', '25');
INSERT INTO `ciudad` VALUES ('25740', 'SIBATÉ', '25');
INSERT INTO `ciudad` VALUES ('25743', 'SILVANIA', '25');
INSERT INTO `ciudad` VALUES ('25745', 'SIMIJACA', '25');
INSERT INTO `ciudad` VALUES ('25754', 'SOACHA', '25');
INSERT INTO `ciudad` VALUES ('25758', 'SOPÓ', '25');
INSERT INTO `ciudad` VALUES ('25769', 'SUBACHOQUE', '25');
INSERT INTO `ciudad` VALUES ('25772', 'SUESCA', '25');
INSERT INTO `ciudad` VALUES ('25777', 'SUPATÁ', '25');
INSERT INTO `ciudad` VALUES ('25779', 'SUSA', '25');
INSERT INTO `ciudad` VALUES ('25781', 'SUTATAUSA', '25');
INSERT INTO `ciudad` VALUES ('25785', 'TABIO', '25');
INSERT INTO `ciudad` VALUES ('25793', 'TAUSA', '25');
INSERT INTO `ciudad` VALUES ('25797', 'TENA', '25');
INSERT INTO `ciudad` VALUES ('25799', 'TENJO', '25');
INSERT INTO `ciudad` VALUES ('25805', 'TIBACUY', '25');
INSERT INTO `ciudad` VALUES ('25807', 'TIBIRITA', '25');
INSERT INTO `ciudad` VALUES ('25815', 'TOCAIMA', '25');
INSERT INTO `ciudad` VALUES ('25817', 'TOCANCIPÁ', '25');
INSERT INTO `ciudad` VALUES ('25823', 'TOPAIPÍ', '25');
INSERT INTO `ciudad` VALUES ('25839', 'UBALÁ', '25');
INSERT INTO `ciudad` VALUES ('25841', 'UBAQUE', '25');
INSERT INTO `ciudad` VALUES ('25843', 'VILLA DE SAN DIEGO DE UBA', '25');
INSERT INTO `ciudad` VALUES ('25845', 'UNE', '25');
INSERT INTO `ciudad` VALUES ('25851', 'ÚTICA', '25');
INSERT INTO `ciudad` VALUES ('25862', 'VERGARA', '25');
INSERT INTO `ciudad` VALUES ('25867', 'VIANÍ', '25');
INSERT INTO `ciudad` VALUES ('25871', 'VILLAGÓMEZ', '25');
INSERT INTO `ciudad` VALUES ('25873', 'VILLAPINZÓN', '25');
INSERT INTO `ciudad` VALUES ('25875', 'VILLETA', '25');
INSERT INTO `ciudad` VALUES ('25878', 'VIOTÁ', '25');
INSERT INTO `ciudad` VALUES ('25885', 'YACOPÍ', '25');
INSERT INTO `ciudad` VALUES ('25898', 'ZIPACÓN', '25');
INSERT INTO `ciudad` VALUES ('25899', 'ZIPAQUIRÁ', '25');
INSERT INTO `ciudad` VALUES ('27001', 'QUIBDÓ', '27');
INSERT INTO `ciudad` VALUES ('27006', 'ACANDÍ', '27');
INSERT INTO `ciudad` VALUES ('27025', 'ALTO BAUDO', '27');
INSERT INTO `ciudad` VALUES ('27050', 'ATRATO', '27');
INSERT INTO `ciudad` VALUES ('27073', 'BAGADÓ', '27');
INSERT INTO `ciudad` VALUES ('27075', 'BAHÍA SOLANO', '27');
INSERT INTO `ciudad` VALUES ('27077', 'BAJO BAUDÓ', '27');
INSERT INTO `ciudad` VALUES ('27086', 'BELÉN DE BAJIRÁ', '27');
INSERT INTO `ciudad` VALUES ('27099', 'BOJAYA', '27');
INSERT INTO `ciudad` VALUES ('27135', 'EL CANTÓN DEL SAN PABLO', '27');
INSERT INTO `ciudad` VALUES ('27150', 'CARMEN DEL DARIEN', '27');
INSERT INTO `ciudad` VALUES ('27160', 'CÉRTEGUI', '27');
INSERT INTO `ciudad` VALUES ('27205', 'CONDOTO', '27');
INSERT INTO `ciudad` VALUES ('27245', 'EL CARMEN DE ATRATO', '27');
INSERT INTO `ciudad` VALUES ('27250', 'EL LITORAL DEL SAN JUAN', '27');
INSERT INTO `ciudad` VALUES ('27361', 'ISTMINA', '27');
INSERT INTO `ciudad` VALUES ('27372', 'JURADÓ', '27');
INSERT INTO `ciudad` VALUES ('27413', 'LLORÓ', '27');
INSERT INTO `ciudad` VALUES ('27425', 'MEDIO ATRATO', '27');
INSERT INTO `ciudad` VALUES ('27430', 'MEDIO BAUDÓ', '27');
INSERT INTO `ciudad` VALUES ('27450', 'MEDIO SAN JUAN', '27');
INSERT INTO `ciudad` VALUES ('27491', 'NÓVITA', '27');
INSERT INTO `ciudad` VALUES ('27495', 'NUQUÍ', '27');
INSERT INTO `ciudad` VALUES ('27580', 'RÍO IRO', '27');
INSERT INTO `ciudad` VALUES ('27600', 'RÍO QUITO', '27');
INSERT INTO `ciudad` VALUES ('27615', 'RIOSUCIO', '27');
INSERT INTO `ciudad` VALUES ('27660', 'SAN JOSÉ DEL PALMAR', '27');
INSERT INTO `ciudad` VALUES ('27745', 'SIPÍ', '27');
INSERT INTO `ciudad` VALUES ('27787', 'TADÓ', '27');
INSERT INTO `ciudad` VALUES ('27800', 'UNGUÍA', '27');
INSERT INTO `ciudad` VALUES ('27810', 'UNIÓN PANAMERICANA', '27');
INSERT INTO `ciudad` VALUES ('41001', 'NEIVA', '41');
INSERT INTO `ciudad` VALUES ('41006', 'ACEVEDO', '41');
INSERT INTO `ciudad` VALUES ('41013', 'AGRADO', '41');
INSERT INTO `ciudad` VALUES ('41016', 'AIPE', '41');
INSERT INTO `ciudad` VALUES ('41020', 'ALGECIRAS', '41');
INSERT INTO `ciudad` VALUES ('41026', 'ALTAMIRA', '41');
INSERT INTO `ciudad` VALUES ('41078', 'BARAYA', '41');
INSERT INTO `ciudad` VALUES ('41132', 'CAMPOALEGRE', '41');
INSERT INTO `ciudad` VALUES ('41206', 'COLOMBIA', '41');
INSERT INTO `ciudad` VALUES ('41244', 'ELÍAS', '41');
INSERT INTO `ciudad` VALUES ('41298', 'GARZÓN', '41');
INSERT INTO `ciudad` VALUES ('41306', 'GIGANTE', '41');
INSERT INTO `ciudad` VALUES ('41319', 'GUADALUPE', '41');
INSERT INTO `ciudad` VALUES ('41349', 'HOBO', '41');
INSERT INTO `ciudad` VALUES ('41357', 'IQUIRA', '41');
INSERT INTO `ciudad` VALUES ('41359', 'ISNOS', '41');
INSERT INTO `ciudad` VALUES ('41378', 'LA ARGENTINA', '41');
INSERT INTO `ciudad` VALUES ('41396', 'LA PLATA', '41');
INSERT INTO `ciudad` VALUES ('41483', 'NÁTAGA', '41');
INSERT INTO `ciudad` VALUES ('41503', 'OPORAPA', '41');
INSERT INTO `ciudad` VALUES ('41518', 'PAICOL', '41');
INSERT INTO `ciudad` VALUES ('41524', 'PALERMO', '41');
INSERT INTO `ciudad` VALUES ('41530', 'PALESTINA', '41');
INSERT INTO `ciudad` VALUES ('41548', 'PITAL', '41');
INSERT INTO `ciudad` VALUES ('41551', 'PITALITO', '41');
INSERT INTO `ciudad` VALUES ('41615', 'RIVERA', '41');
INSERT INTO `ciudad` VALUES ('41660', 'SALADOBLANCO', '41');
INSERT INTO `ciudad` VALUES ('41668', 'SAN AGUSTÍN', '41');
INSERT INTO `ciudad` VALUES ('41676', 'SANTA MARÍA', '41');
INSERT INTO `ciudad` VALUES ('41770', 'SUAZA', '41');
INSERT INTO `ciudad` VALUES ('41791', 'TARQUI', '41');
INSERT INTO `ciudad` VALUES ('41797', 'TESALIA', '41');
INSERT INTO `ciudad` VALUES ('41799', 'TELLO', '41');
INSERT INTO `ciudad` VALUES ('41801', 'TERUEL', '41');
INSERT INTO `ciudad` VALUES ('41807', 'TIMANÁ', '41');
INSERT INTO `ciudad` VALUES ('41872', 'VILLAVIEJA', '41');
INSERT INTO `ciudad` VALUES ('41885', 'YAGUARÁ', '41');
INSERT INTO `ciudad` VALUES ('44001', 'RIOHACHA', '44');
INSERT INTO `ciudad` VALUES ('44035', 'ALBANIA', '44');
INSERT INTO `ciudad` VALUES ('44078', 'BARRANCAS', '44');
INSERT INTO `ciudad` VALUES ('44090', 'DIBULLA', '44');
INSERT INTO `ciudad` VALUES ('44098', 'DISTRACCIÓN', '44');
INSERT INTO `ciudad` VALUES ('44110', 'EL MOLINO', '44');
INSERT INTO `ciudad` VALUES ('44279', 'FONSECA', '44');
INSERT INTO `ciudad` VALUES ('44378', 'HATONUEVO', '44');
INSERT INTO `ciudad` VALUES ('44420', 'LA JAGUA DEL PILAR', '44');
INSERT INTO `ciudad` VALUES ('44430', 'MAICAO', '44');
INSERT INTO `ciudad` VALUES ('44560', 'MANAURE', '44');
INSERT INTO `ciudad` VALUES ('44650', 'SAN JUAN DEL CESAR', '44');
INSERT INTO `ciudad` VALUES ('44847', 'URIBIA', '44');
INSERT INTO `ciudad` VALUES ('44855', 'URUMITA', '44');
INSERT INTO `ciudad` VALUES ('44874', 'VILLANUEVA', '44');
INSERT INTO `ciudad` VALUES ('47001', 'SANTA MARTA', '47');
INSERT INTO `ciudad` VALUES ('47030', 'ALGARROBO', '47');
INSERT INTO `ciudad` VALUES ('47053', 'ARACATACA', '47');
INSERT INTO `ciudad` VALUES ('47058', 'ARIGUANÍ', '47');
INSERT INTO `ciudad` VALUES ('47161', 'CERRO SAN ANTONIO', '47');
INSERT INTO `ciudad` VALUES ('47170', 'CHIBOLO', '47');
INSERT INTO `ciudad` VALUES ('47189', 'CIÉNAGA', '47');
INSERT INTO `ciudad` VALUES ('47205', 'CONCORDIA', '47');
INSERT INTO `ciudad` VALUES ('47245', 'EL BANCO', '47');
INSERT INTO `ciudad` VALUES ('47258', 'EL PIÑON', '47');
INSERT INTO `ciudad` VALUES ('47268', 'EL RETÉN', '47');
INSERT INTO `ciudad` VALUES ('47288', 'FUNDACIÓN', '47');
INSERT INTO `ciudad` VALUES ('47318', 'GUAMAL', '47');
INSERT INTO `ciudad` VALUES ('47460', 'NUEVA GRANADA', '47');
INSERT INTO `ciudad` VALUES ('47541', 'PEDRAZA', '47');
INSERT INTO `ciudad` VALUES ('47545', 'PIJIÑO DEL CARMEN', '47');
INSERT INTO `ciudad` VALUES ('47551', 'PIVIJAY', '47');
INSERT INTO `ciudad` VALUES ('47555', 'PLATO', '47');
INSERT INTO `ciudad` VALUES ('47570', 'PUEBLOVIEJO', '47');
INSERT INTO `ciudad` VALUES ('47605', 'REMOLINO', '47');
INSERT INTO `ciudad` VALUES ('47660', 'SABANAS DE SAN ANGEL', '47');
INSERT INTO `ciudad` VALUES ('47675', 'SALAMINA', '47');
INSERT INTO `ciudad` VALUES ('47692', 'SAN SEBASTIÁN DE BUENAVIS', '47');
INSERT INTO `ciudad` VALUES ('47703', 'SAN ZENÓN', '47');
INSERT INTO `ciudad` VALUES ('47707', 'SANTA ANA', '47');
INSERT INTO `ciudad` VALUES ('47720', 'SANTA BÁRBARA DE PINTO', '47');
INSERT INTO `ciudad` VALUES ('47745', 'SITIONUEVO', '47');
INSERT INTO `ciudad` VALUES ('47798', 'TENERIFE', '47');
INSERT INTO `ciudad` VALUES ('47960', 'ZAPAYÁN', '47');
INSERT INTO `ciudad` VALUES ('47980', 'ZONA BANANERA', '47');
INSERT INTO `ciudad` VALUES ('50001', 'VILLAVICENCIO', '50');
INSERT INTO `ciudad` VALUES ('50006', 'ACACÍAS', '50');
INSERT INTO `ciudad` VALUES ('50110', 'BARRANCA DE UPÍA', '50');
INSERT INTO `ciudad` VALUES ('50124', 'CABUYARO', '50');
INSERT INTO `ciudad` VALUES ('50150', 'CASTILLA LA NUEVA', '50');
INSERT INTO `ciudad` VALUES ('50223', 'CUBARRAL', '50');
INSERT INTO `ciudad` VALUES ('50226', 'CUMARAL', '50');
INSERT INTO `ciudad` VALUES ('50245', 'EL CALVARIO', '50');
INSERT INTO `ciudad` VALUES ('50251', 'EL CASTILLO', '50');
INSERT INTO `ciudad` VALUES ('50270', 'EL DORADO', '50');
INSERT INTO `ciudad` VALUES ('50287', 'FUENTE DE ORO', '50');
INSERT INTO `ciudad` VALUES ('50313', 'GRANADA', '50');
INSERT INTO `ciudad` VALUES ('50318', 'GUAMAL', '50');
INSERT INTO `ciudad` VALUES ('50325', 'MAPIRIPÁN', '50');
INSERT INTO `ciudad` VALUES ('50330', 'MESETAS', '50');
INSERT INTO `ciudad` VALUES ('50350', 'LA MACARENA', '50');
INSERT INTO `ciudad` VALUES ('50370', 'URIBE', '50');
INSERT INTO `ciudad` VALUES ('50400', 'LEJANÍAS', '50');
INSERT INTO `ciudad` VALUES ('50450', 'PUERTO CONCORDIA', '50');
INSERT INTO `ciudad` VALUES ('50568', 'PUERTO GAITÁN', '50');
INSERT INTO `ciudad` VALUES ('50573', 'PUERTO LÓPEZ', '50');
INSERT INTO `ciudad` VALUES ('50577', 'PUERTO LLERAS', '50');
INSERT INTO `ciudad` VALUES ('50590', 'PUERTO RICO', '50');
INSERT INTO `ciudad` VALUES ('50606', 'RESTREPO', '50');
INSERT INTO `ciudad` VALUES ('50680', 'SAN CARLOS DE GUAROA', '50');
INSERT INTO `ciudad` VALUES ('50683', 'SAN JUAN DE ARAMA', '50');
INSERT INTO `ciudad` VALUES ('50686', 'SAN JUANITO', '50');
INSERT INTO `ciudad` VALUES ('50689', 'SAN MARTÍN', '50');
INSERT INTO `ciudad` VALUES ('50711', 'VISTAHERMOSA', '50');
INSERT INTO `ciudad` VALUES ('52001', 'PASTO', '52');
INSERT INTO `ciudad` VALUES ('52019', 'ALBÁN', '52');
INSERT INTO `ciudad` VALUES ('52022', 'ALDANA', '52');
INSERT INTO `ciudad` VALUES ('52036', 'ANCUYÁ', '52');
INSERT INTO `ciudad` VALUES ('52051', 'ARBOLEDA', '52');
INSERT INTO `ciudad` VALUES ('52079', 'BARBACOAS', '52');
INSERT INTO `ciudad` VALUES ('52083', 'BELÉN', '52');
INSERT INTO `ciudad` VALUES ('52110', 'BUESACO', '52');
INSERT INTO `ciudad` VALUES ('52203', 'COLÓN', '52');
INSERT INTO `ciudad` VALUES ('52207', 'CONSACA', '52');
INSERT INTO `ciudad` VALUES ('52210', 'CONTADERO', '52');
INSERT INTO `ciudad` VALUES ('52215', 'CÓRDOBA', '52');
INSERT INTO `ciudad` VALUES ('52224', 'CUASPUD', '52');
INSERT INTO `ciudad` VALUES ('52227', 'CUMBAL', '52');
INSERT INTO `ciudad` VALUES ('52233', 'CUMBITARA', '52');
INSERT INTO `ciudad` VALUES ('52240', 'CHACHAGÜÍ', '52');
INSERT INTO `ciudad` VALUES ('52250', 'EL CHARCO', '52');
INSERT INTO `ciudad` VALUES ('52254', 'EL PEÑOL', '52');
INSERT INTO `ciudad` VALUES ('52256', 'EL ROSARIO', '52');
INSERT INTO `ciudad` VALUES ('52258', 'EL TABLÓN DE GÓMEZ', '52');
INSERT INTO `ciudad` VALUES ('52260', 'EL TAMBO', '52');
INSERT INTO `ciudad` VALUES ('52287', 'FUNES', '52');
INSERT INTO `ciudad` VALUES ('52317', 'GUACHUCAL', '52');
INSERT INTO `ciudad` VALUES ('52320', 'GUAITARILLA', '52');
INSERT INTO `ciudad` VALUES ('52323', 'GUALMATÁN', '52');
INSERT INTO `ciudad` VALUES ('52352', 'ILES', '52');
INSERT INTO `ciudad` VALUES ('52354', 'IMUÉS', '52');
INSERT INTO `ciudad` VALUES ('52356', 'IPIALES', '52');
INSERT INTO `ciudad` VALUES ('52378', 'LA CRUZ', '52');
INSERT INTO `ciudad` VALUES ('52381', 'LA FLORIDA', '52');
INSERT INTO `ciudad` VALUES ('52385', 'LA LLANADA', '52');
INSERT INTO `ciudad` VALUES ('52390', 'LA TOLA', '52');
INSERT INTO `ciudad` VALUES ('52399', 'LA UNIÓN', '52');
INSERT INTO `ciudad` VALUES ('52405', 'LEIVA', '52');
INSERT INTO `ciudad` VALUES ('52411', 'LINARES', '52');
INSERT INTO `ciudad` VALUES ('52418', 'LOS ANDES', '52');
INSERT INTO `ciudad` VALUES ('52427', 'MAGÜI', '52');
INSERT INTO `ciudad` VALUES ('52435', 'MALLAMA', '52');
INSERT INTO `ciudad` VALUES ('52473', 'MOSQUERA', '52');
INSERT INTO `ciudad` VALUES ('52480', 'NARIÑO', '52');
INSERT INTO `ciudad` VALUES ('52490', 'OLAYA HERRERA', '52');
INSERT INTO `ciudad` VALUES ('52506', 'OSPINA', '52');
INSERT INTO `ciudad` VALUES ('52520', 'FRANCISCO PIZARRO', '52');
INSERT INTO `ciudad` VALUES ('52540', 'POLICARPA', '52');
INSERT INTO `ciudad` VALUES ('52560', 'POTOSÍ', '52');
INSERT INTO `ciudad` VALUES ('52565', 'PROVIDENCIA', '52');
INSERT INTO `ciudad` VALUES ('52573', 'PUERRES', '52');
INSERT INTO `ciudad` VALUES ('52585', 'PUPIALES', '52');
INSERT INTO `ciudad` VALUES ('52612', 'RICAURTE', '52');
INSERT INTO `ciudad` VALUES ('52621', 'ROBERTO PAYÁN', '52');
INSERT INTO `ciudad` VALUES ('52678', 'SAMANIEGO', '52');
INSERT INTO `ciudad` VALUES ('52683', 'SANDONÁ', '52');
INSERT INTO `ciudad` VALUES ('52685', 'SAN BERNARDO', '52');
INSERT INTO `ciudad` VALUES ('52687', 'SAN LORENZO', '52');
INSERT INTO `ciudad` VALUES ('52693', 'SAN PABLO', '52');
INSERT INTO `ciudad` VALUES ('52694', 'SAN PEDRO DE CARTAGO', '52');
INSERT INTO `ciudad` VALUES ('52696', 'SANTA BÁRBARA', '52');
INSERT INTO `ciudad` VALUES ('52699', 'SANTACRUZ', '52');
INSERT INTO `ciudad` VALUES ('52720', 'SAPUYES', '52');
INSERT INTO `ciudad` VALUES ('52786', 'TAMINANGO', '52');
INSERT INTO `ciudad` VALUES ('52788', 'TANGUA', '52');
INSERT INTO `ciudad` VALUES ('52835', 'TUMACO', '52');
INSERT INTO `ciudad` VALUES ('52838', 'TÚQUERRES', '52');
INSERT INTO `ciudad` VALUES ('52885', 'YACUANQUER', '52');
INSERT INTO `ciudad` VALUES ('54001', 'CÚCUTA', '54');
INSERT INTO `ciudad` VALUES ('54003', 'ABREGO', '54');
INSERT INTO `ciudad` VALUES ('54051', 'ARBOLEDAS', '54');
INSERT INTO `ciudad` VALUES ('54099', 'BOCHALEMA', '54');
INSERT INTO `ciudad` VALUES ('54109', 'BUCARASICA', '54');
INSERT INTO `ciudad` VALUES ('54125', 'CÁCOTA', '54');
INSERT INTO `ciudad` VALUES ('54128', 'CACHIRÁ', '54');
INSERT INTO `ciudad` VALUES ('54172', 'CHINÁCOTA', '54');
INSERT INTO `ciudad` VALUES ('54174', 'CHITAGÁ', '54');
INSERT INTO `ciudad` VALUES ('54206', 'CONVENCIÓN', '54');
INSERT INTO `ciudad` VALUES ('54223', 'CUCUTILLA', '54');
INSERT INTO `ciudad` VALUES ('54239', 'DURANIA', '54');
INSERT INTO `ciudad` VALUES ('54245', 'EL CARMEN', '54');
INSERT INTO `ciudad` VALUES ('54250', 'EL TARRA', '54');
INSERT INTO `ciudad` VALUES ('54261', 'EL ZULIA', '54');
INSERT INTO `ciudad` VALUES ('54313', 'GRAMALOTE', '54');
INSERT INTO `ciudad` VALUES ('54344', 'HACARÍ', '54');
INSERT INTO `ciudad` VALUES ('54347', 'HERRÁN', '54');
INSERT INTO `ciudad` VALUES ('54377', 'LABATECA', '54');
INSERT INTO `ciudad` VALUES ('54385', 'LA ESPERANZA', '54');
INSERT INTO `ciudad` VALUES ('54398', 'LA PLAYA', '54');
INSERT INTO `ciudad` VALUES ('54405', 'LOS PATIOS', '54');
INSERT INTO `ciudad` VALUES ('54418', 'LOURDES', '54');
INSERT INTO `ciudad` VALUES ('54480', 'MUTISCUA', '54');
INSERT INTO `ciudad` VALUES ('54498', 'OCAÑA', '54');
INSERT INTO `ciudad` VALUES ('54518', 'PAMPLONA', '54');
INSERT INTO `ciudad` VALUES ('54520', 'PAMPLONITA', '54');
INSERT INTO `ciudad` VALUES ('54553', 'PUERTO SANTANDER', '54');
INSERT INTO `ciudad` VALUES ('54599', 'RAGONVALIA', '54');
INSERT INTO `ciudad` VALUES ('54660', 'SALAZAR', '54');
INSERT INTO `ciudad` VALUES ('54670', 'SAN CALIXTO', '54');
INSERT INTO `ciudad` VALUES ('54673', 'SAN CAYETANO', '54');
INSERT INTO `ciudad` VALUES ('54680', 'SANTIAGO', '54');
INSERT INTO `ciudad` VALUES ('54720', 'SARDINATA', '54');
INSERT INTO `ciudad` VALUES ('54743', 'SILOS', '54');
INSERT INTO `ciudad` VALUES ('54800', 'TEORAMA', '54');
INSERT INTO `ciudad` VALUES ('54810', 'TIBÚ', '54');
INSERT INTO `ciudad` VALUES ('54820', 'TOLEDO', '54');
INSERT INTO `ciudad` VALUES ('54871', 'VILLA CARO', '54');
INSERT INTO `ciudad` VALUES ('54874', 'VILLA DEL ROSARIO', '54');
INSERT INTO `ciudad` VALUES ('63001', 'ARMENIA', '63');
INSERT INTO `ciudad` VALUES ('63111', 'BUENAVISTA', '63');
INSERT INTO `ciudad` VALUES ('63130', 'CALARCA', '63');
INSERT INTO `ciudad` VALUES ('63190', 'CIRCASIA', '63');
INSERT INTO `ciudad` VALUES ('63212', 'CÓRDOBA', '63');
INSERT INTO `ciudad` VALUES ('63272', 'FILANDIA', '63');
INSERT INTO `ciudad` VALUES ('63302', 'GÉNOVA', '63');
INSERT INTO `ciudad` VALUES ('63401', 'LA TEBAIDA', '63');
INSERT INTO `ciudad` VALUES ('63470', 'MONTENEGRO', '63');
INSERT INTO `ciudad` VALUES ('63548', 'PIJAO', '63');
INSERT INTO `ciudad` VALUES ('63594', 'QUIMBAYA', '63');
INSERT INTO `ciudad` VALUES ('63690', 'SALENTO', '63');
INSERT INTO `ciudad` VALUES ('66001', 'PEREIRA', '66');
INSERT INTO `ciudad` VALUES ('66045', 'APÍA', '66');
INSERT INTO `ciudad` VALUES ('66075', 'BALBOA', '66');
INSERT INTO `ciudad` VALUES ('66088', 'BELÉN DE UMBRÍA', '66');
INSERT INTO `ciudad` VALUES ('66170', 'DOSQUEBRADAS', '66');
INSERT INTO `ciudad` VALUES ('66318', 'GUÁTICA', '66');
INSERT INTO `ciudad` VALUES ('66383', 'LA CELIA', '66');
INSERT INTO `ciudad` VALUES ('66400', 'LA VIRGINIA', '66');
INSERT INTO `ciudad` VALUES ('66440', 'MARSELLA', '66');
INSERT INTO `ciudad` VALUES ('66456', 'MISTRATÓ', '66');
INSERT INTO `ciudad` VALUES ('66572', 'PUEBLO RICO', '66');
INSERT INTO `ciudad` VALUES ('66594', 'QUINCHÍA', '66');
INSERT INTO `ciudad` VALUES ('66682', 'SANTA ROSA DE CABAL', '66');
INSERT INTO `ciudad` VALUES ('66687', 'SANTUARIO', '66');
INSERT INTO `ciudad` VALUES ('68000', 'TODOS LOS MUNICIPIOS', '68');
INSERT INTO `ciudad` VALUES ('68001', 'BUCARAMANGA', '68');
INSERT INTO `ciudad` VALUES ('68013', 'AGUADA', '68');
INSERT INTO `ciudad` VALUES ('68020', 'ALBANIA', '68');
INSERT INTO `ciudad` VALUES ('68051', 'ARATOCA', '68');
INSERT INTO `ciudad` VALUES ('68077', 'BARBOSA', '68');
INSERT INTO `ciudad` VALUES ('68079', 'BARICHARA', '68');
INSERT INTO `ciudad` VALUES ('68081', 'BARRANCABERMEJA', '68');
INSERT INTO `ciudad` VALUES ('68092', 'BETULIA', '68');
INSERT INTO `ciudad` VALUES ('68101', 'BOLÍVAR', '68');
INSERT INTO `ciudad` VALUES ('68121', 'CABRERA', '68');
INSERT INTO `ciudad` VALUES ('68132', 'CALIFORNIA', '68');
INSERT INTO `ciudad` VALUES ('68147', 'CAPITANEJO', '68');
INSERT INTO `ciudad` VALUES ('68152', 'CARCASÍ', '68');
INSERT INTO `ciudad` VALUES ('68160', 'CEPITÁ', '68');
INSERT INTO `ciudad` VALUES ('68162', 'CERRITO', '68');
INSERT INTO `ciudad` VALUES ('68167', 'CHARALÁ', '68');
INSERT INTO `ciudad` VALUES ('68169', 'CHARTA', '68');
INSERT INTO `ciudad` VALUES ('68176', 'CHIMA', '68');
INSERT INTO `ciudad` VALUES ('68179', 'CHIPATÁ', '68');
INSERT INTO `ciudad` VALUES ('68190', 'CIMITARRA', '68');
INSERT INTO `ciudad` VALUES ('68207', 'CONCEPCIÓN', '68');
INSERT INTO `ciudad` VALUES ('68209', 'CONFINES', '68');
INSERT INTO `ciudad` VALUES ('68211', 'CONTRATACIÓN', '68');
INSERT INTO `ciudad` VALUES ('68217', 'COROMORO', '68');
INSERT INTO `ciudad` VALUES ('68229', 'CURITÍ', '68');
INSERT INTO `ciudad` VALUES ('68235', 'EL CARMEN DE CHUCURÍ', '68');
INSERT INTO `ciudad` VALUES ('68245', 'EL GUACAMAYO', '68');
INSERT INTO `ciudad` VALUES ('68250', 'EL PEÑÓN', '68');
INSERT INTO `ciudad` VALUES ('68255', 'EL PLAYÓN', '68');
INSERT INTO `ciudad` VALUES ('68264', 'ENCINO', '68');
INSERT INTO `ciudad` VALUES ('68266', 'ENCISO', '68');
INSERT INTO `ciudad` VALUES ('68271', 'FLORIÁN', '68');
INSERT INTO `ciudad` VALUES ('68276', 'FLORIDABLANCA', '68');
INSERT INTO `ciudad` VALUES ('68296', 'GALÁN', '68');
INSERT INTO `ciudad` VALUES ('68298', 'GAMBITA', '68');
INSERT INTO `ciudad` VALUES ('68307', 'GIRÓN', '68');
INSERT INTO `ciudad` VALUES ('68318', 'GUACA', '68');
INSERT INTO `ciudad` VALUES ('68320', 'GUADALUPE', '68');
INSERT INTO `ciudad` VALUES ('68322', 'GUAPOTÁ', '68');
INSERT INTO `ciudad` VALUES ('68324', 'GUAVATÁ', '68');
INSERT INTO `ciudad` VALUES ('68327', 'GÜEPSA', '68');
INSERT INTO `ciudad` VALUES ('68344', 'HATO', '68');
INSERT INTO `ciudad` VALUES ('68368', 'JESÚS MARÍA', '68');
INSERT INTO `ciudad` VALUES ('68370', 'JORDÁN', '68');
INSERT INTO `ciudad` VALUES ('68377', 'LA BELLEZA', '68');
INSERT INTO `ciudad` VALUES ('68385', 'LANDÁZURI', '68');
INSERT INTO `ciudad` VALUES ('68397', 'LA PAZ', '68');
INSERT INTO `ciudad` VALUES ('68406', 'LEBRÍJA', '68');
INSERT INTO `ciudad` VALUES ('68418', 'LOS SANTOS', '68');
INSERT INTO `ciudad` VALUES ('68425', 'MACARAVITA', '68');
INSERT INTO `ciudad` VALUES ('68432', 'MÁLAGA', '68');
INSERT INTO `ciudad` VALUES ('68444', 'MATANZA', '68');
INSERT INTO `ciudad` VALUES ('68464', 'MOGOTES', '68');
INSERT INTO `ciudad` VALUES ('68468', 'MOLAGAVITA', '68');
INSERT INTO `ciudad` VALUES ('68498', 'OCAMONTE', '68');
INSERT INTO `ciudad` VALUES ('68500', 'OIBA', '68');
INSERT INTO `ciudad` VALUES ('68502', 'ONZAGA', '68');
INSERT INTO `ciudad` VALUES ('68522', 'PALMAR', '68');
INSERT INTO `ciudad` VALUES ('68524', 'PALMAS DEL SOCORRO', '68');
INSERT INTO `ciudad` VALUES ('68533', 'PÁRAMO', '68');
INSERT INTO `ciudad` VALUES ('68547', 'PIEDECUESTA', '68');
INSERT INTO `ciudad` VALUES ('68549', 'PINCHOTE', '68');
INSERT INTO `ciudad` VALUES ('68572', 'PUENTE NACIONAL', '68');
INSERT INTO `ciudad` VALUES ('68573', 'PUERTO PARRA', '68');
INSERT INTO `ciudad` VALUES ('68575', 'PUERTO WILCHES', '68');
INSERT INTO `ciudad` VALUES ('68615', 'RIONEGRO', '68');
INSERT INTO `ciudad` VALUES ('68655', 'SABANA DE TORRES', '68');
INSERT INTO `ciudad` VALUES ('68669', 'SAN ANDRÉS', '68');
INSERT INTO `ciudad` VALUES ('68673', 'SAN BENITO', '68');
INSERT INTO `ciudad` VALUES ('68679', 'SAN GIL', '68');
INSERT INTO `ciudad` VALUES ('68682', 'SAN JOAQUÍN', '68');
INSERT INTO `ciudad` VALUES ('68684', 'SAN JOSÉ DE MIRANDA', '68');
INSERT INTO `ciudad` VALUES ('68686', 'SAN MIGUEL', '68');
INSERT INTO `ciudad` VALUES ('68689', 'SAN VICENTE DE CHUCURÍ', '68');
INSERT INTO `ciudad` VALUES ('68705', 'SANTA BÁRBARA', '68');
INSERT INTO `ciudad` VALUES ('68720', 'SANTA HELENA DEL OPÓN', '68');
INSERT INTO `ciudad` VALUES ('68745', 'SIMACOTA', '68');
INSERT INTO `ciudad` VALUES ('68755', 'SOCORRO', '68');
INSERT INTO `ciudad` VALUES ('68770', 'SUAITA', '68');
INSERT INTO `ciudad` VALUES ('68773', 'SUCRE', '68');
INSERT INTO `ciudad` VALUES ('68780', 'SURATÁ', '68');
INSERT INTO `ciudad` VALUES ('68820', 'TONA', '68');
INSERT INTO `ciudad` VALUES ('68855', 'VALLE DE SAN JOSÉ', '68');
INSERT INTO `ciudad` VALUES ('68861', 'VÉLEZ', '68');
INSERT INTO `ciudad` VALUES ('68867', 'VETAS', '68');
INSERT INTO `ciudad` VALUES ('68872', 'VILLANUEVA', '68');
INSERT INTO `ciudad` VALUES ('68895', 'ZAPATOCA', '68');
INSERT INTO `ciudad` VALUES ('70001', 'SINCELEJO', '70');
INSERT INTO `ciudad` VALUES ('70110', 'BUENAVISTA', '70');
INSERT INTO `ciudad` VALUES ('70124', 'CAIMITO', '70');
INSERT INTO `ciudad` VALUES ('70204', 'COLOSO', '70');
INSERT INTO `ciudad` VALUES ('70215', 'COROZAL', '70');
INSERT INTO `ciudad` VALUES ('70221', 'COVEÑAS', '70');
INSERT INTO `ciudad` VALUES ('70230', 'CHALÁN', '70');
INSERT INTO `ciudad` VALUES ('70233', 'EL ROBLE', '70');
INSERT INTO `ciudad` VALUES ('70235', 'GALERAS', '70');
INSERT INTO `ciudad` VALUES ('70265', 'GUARANDA', '70');
INSERT INTO `ciudad` VALUES ('70400', 'LA UNIÓN', '70');
INSERT INTO `ciudad` VALUES ('70418', 'LOS PALMITOS', '70');
INSERT INTO `ciudad` VALUES ('70429', 'MAJAGUAL', '70');
INSERT INTO `ciudad` VALUES ('70473', 'MORROA', '70');
INSERT INTO `ciudad` VALUES ('70508', 'OVEJAS', '70');
INSERT INTO `ciudad` VALUES ('70523', 'PALMITO', '70');
INSERT INTO `ciudad` VALUES ('70670', 'SAMPUÉS', '70');
INSERT INTO `ciudad` VALUES ('70678', 'SAN BENITO ABAD', '70');
INSERT INTO `ciudad` VALUES ('70702', 'SAN JUAN DE BETULIA', '70');
INSERT INTO `ciudad` VALUES ('70708', 'SAN MARCOS', '70');
INSERT INTO `ciudad` VALUES ('70713', 'SAN ONOFRE', '70');
INSERT INTO `ciudad` VALUES ('70717', 'SAN PEDRO', '70');
INSERT INTO `ciudad` VALUES ('70742', 'SINCÉ', '70');
INSERT INTO `ciudad` VALUES ('70771', 'SUCRE', '70');
INSERT INTO `ciudad` VALUES ('70820', 'SANTIAGO DE TOLÚ', '70');
INSERT INTO `ciudad` VALUES ('70823', 'TOLÚ VIEJO', '70');
INSERT INTO `ciudad` VALUES ('73001', 'IBAGUÉ', '73');
INSERT INTO `ciudad` VALUES ('73024', 'ALPUJARRA', '73');
INSERT INTO `ciudad` VALUES ('73026', 'ALVARADO', '73');
INSERT INTO `ciudad` VALUES ('73030', 'AMBALEMA', '73');
INSERT INTO `ciudad` VALUES ('73043', 'ANZOÁTEGUI', '73');
INSERT INTO `ciudad` VALUES ('73055', 'ARMERO', '73');
INSERT INTO `ciudad` VALUES ('73067', 'ATACO', '73');
INSERT INTO `ciudad` VALUES ('73124', 'CAJAMARCA', '73');
INSERT INTO `ciudad` VALUES ('73148', 'CARMEN DE APICALÁ', '73');
INSERT INTO `ciudad` VALUES ('73152', 'CASABIANCA', '73');
INSERT INTO `ciudad` VALUES ('73168', 'CHAPARRAL', '73');
INSERT INTO `ciudad` VALUES ('73200', 'COELLO', '73');
INSERT INTO `ciudad` VALUES ('73217', 'COYAIMA', '73');
INSERT INTO `ciudad` VALUES ('73226', 'CUNDAY', '73');
INSERT INTO `ciudad` VALUES ('73236', 'DOLORES', '73');
INSERT INTO `ciudad` VALUES ('73268', 'ESPINAL', '73');
INSERT INTO `ciudad` VALUES ('73270', 'FALAN', '73');
INSERT INTO `ciudad` VALUES ('73275', 'FLANDES', '73');
INSERT INTO `ciudad` VALUES ('73283', 'FRESNO', '73');
INSERT INTO `ciudad` VALUES ('73319', 'GUAMO', '73');
INSERT INTO `ciudad` VALUES ('73347', 'HERVEO', '73');
INSERT INTO `ciudad` VALUES ('73349', 'HONDA', '73');
INSERT INTO `ciudad` VALUES ('73352', 'ICONONZO', '73');
INSERT INTO `ciudad` VALUES ('73408', 'LÉRIDA', '73');
INSERT INTO `ciudad` VALUES ('73411', 'LÍBANO', '73');
INSERT INTO `ciudad` VALUES ('73443', 'MARIQUITA', '73');
INSERT INTO `ciudad` VALUES ('73449', 'MELGAR', '73');
INSERT INTO `ciudad` VALUES ('73461', 'MURILLO', '73');
INSERT INTO `ciudad` VALUES ('73483', 'NATAGAIMA', '73');
INSERT INTO `ciudad` VALUES ('73504', 'ORTEGA', '73');
INSERT INTO `ciudad` VALUES ('73520', 'PALOCABILDO', '73');
INSERT INTO `ciudad` VALUES ('73547', 'PIEDRAS', '73');
INSERT INTO `ciudad` VALUES ('73555', 'PLANADAS', '73');
INSERT INTO `ciudad` VALUES ('73563', 'PRADO', '73');
INSERT INTO `ciudad` VALUES ('73585', 'PURIFICACIÓN', '73');
INSERT INTO `ciudad` VALUES ('73616', 'RIOBLANCO', '73');
INSERT INTO `ciudad` VALUES ('73622', 'RONCESVALLES', '73');
INSERT INTO `ciudad` VALUES ('73624', 'ROVIRA', '73');
INSERT INTO `ciudad` VALUES ('73671', 'SALDAÑA', '73');
INSERT INTO `ciudad` VALUES ('73675', 'SAN ANTONIO', '73');
INSERT INTO `ciudad` VALUES ('73678', 'SAN LUIS', '73');
INSERT INTO `ciudad` VALUES ('73686', 'SANTA ISABEL', '73');
INSERT INTO `ciudad` VALUES ('73770', 'SUÁREZ', '73');
INSERT INTO `ciudad` VALUES ('73854', 'VALLE DE SAN JUAN', '73');
INSERT INTO `ciudad` VALUES ('73861', 'VENADILLO', '73');
INSERT INTO `ciudad` VALUES ('73870', 'VILLAHERMOSA', '73');
INSERT INTO `ciudad` VALUES ('73873', 'VILLARRICA', '73');
INSERT INTO `ciudad` VALUES ('76001', 'CALI', '76');
INSERT INTO `ciudad` VALUES ('76020', 'ALCALÁ', '76');
INSERT INTO `ciudad` VALUES ('76036', 'ANDALUCÍA', '76');
INSERT INTO `ciudad` VALUES ('76041', 'ANSERMANUEVO', '76');
INSERT INTO `ciudad` VALUES ('76054', 'ARGELIA', '76');
INSERT INTO `ciudad` VALUES ('76100', 'BOLÍVAR', '76');
INSERT INTO `ciudad` VALUES ('76109', 'BUENAVENTURA', '76');
INSERT INTO `ciudad` VALUES ('76111', 'GUADALAJARA DE BUGA', '76');
INSERT INTO `ciudad` VALUES ('76113', 'BUGALAGRANDE', '76');
INSERT INTO `ciudad` VALUES ('76122', 'CAICEDONIA', '76');
INSERT INTO `ciudad` VALUES ('76126', 'CALIMA', '76');
INSERT INTO `ciudad` VALUES ('76130', 'CANDELARIA', '76');
INSERT INTO `ciudad` VALUES ('76147', 'CARTAGO', '76');
INSERT INTO `ciudad` VALUES ('76233', 'DAGUA', '76');
INSERT INTO `ciudad` VALUES ('76243', 'EL ÁGUILA', '76');
INSERT INTO `ciudad` VALUES ('76246', 'EL CAIRO', '76');
INSERT INTO `ciudad` VALUES ('76248', 'EL CERRITO', '76');
INSERT INTO `ciudad` VALUES ('76250', 'EL DOVIO', '76');
INSERT INTO `ciudad` VALUES ('76275', 'FLORIDA', '76');
INSERT INTO `ciudad` VALUES ('76306', 'GINEBRA', '76');
INSERT INTO `ciudad` VALUES ('76318', 'GUACARÍ', '76');
INSERT INTO `ciudad` VALUES ('76364', 'JAMUNDÍ', '76');
INSERT INTO `ciudad` VALUES ('76377', 'LA CUMBRE', '76');
INSERT INTO `ciudad` VALUES ('76400', 'LA UNIÓN', '76');
INSERT INTO `ciudad` VALUES ('76403', 'LA VICTORIA', '76');
INSERT INTO `ciudad` VALUES ('76497', 'OBANDO', '76');
INSERT INTO `ciudad` VALUES ('76520', 'PALMIRA', '76');
INSERT INTO `ciudad` VALUES ('76563', 'PRADERA', '76');
INSERT INTO `ciudad` VALUES ('76606', 'RESTREPO', '76');
INSERT INTO `ciudad` VALUES ('76616', 'RIOFRÍO', '76');
INSERT INTO `ciudad` VALUES ('76622', 'ROLDANILLO', '76');
INSERT INTO `ciudad` VALUES ('76670', 'SAN PEDRO', '76');
INSERT INTO `ciudad` VALUES ('76736', 'SEVILLA', '76');
INSERT INTO `ciudad` VALUES ('76823', 'TORO', '76');
INSERT INTO `ciudad` VALUES ('76828', 'TRUJILLO', '76');
INSERT INTO `ciudad` VALUES ('76834', 'TULUÁ', '76');
INSERT INTO `ciudad` VALUES ('76845', 'ULLOA', '76');
INSERT INTO `ciudad` VALUES ('76863', 'VERSALLES', '76');
INSERT INTO `ciudad` VALUES ('76869', 'VIJES', '76');
INSERT INTO `ciudad` VALUES ('76890', 'YOTOCO', '76');
INSERT INTO `ciudad` VALUES ('76892', 'YUMBO', '76');
INSERT INTO `ciudad` VALUES ('76895', 'ZARZAL', '76');
INSERT INTO `ciudad` VALUES ('81001', 'ARAUCA', '81');
INSERT INTO `ciudad` VALUES ('81065', 'ARAUQUITA', '81');
INSERT INTO `ciudad` VALUES ('81220', 'CRAVO NORTE', '81');
INSERT INTO `ciudad` VALUES ('81300', 'FORTUL', '81');
INSERT INTO `ciudad` VALUES ('81591', 'PUERTO RONDÓN', '81');
INSERT INTO `ciudad` VALUES ('81736', 'SARAVENA', '81');
INSERT INTO `ciudad` VALUES ('81794', 'TAME', '81');
INSERT INTO `ciudad` VALUES ('85001', 'YOPAL', '85');
INSERT INTO `ciudad` VALUES ('85010', 'AGUAZUL', '85');
INSERT INTO `ciudad` VALUES ('85015', 'CHAMEZA', '85');
INSERT INTO `ciudad` VALUES ('85125', 'HATO COROZAL', '85');
INSERT INTO `ciudad` VALUES ('85136', 'LA SALINA', '85');
INSERT INTO `ciudad` VALUES ('85139', 'MANÍ', '85');
INSERT INTO `ciudad` VALUES ('85162', 'MONTERREY', '85');
INSERT INTO `ciudad` VALUES ('85225', 'NUNCHÍA', '85');
INSERT INTO `ciudad` VALUES ('85230', 'OROCUÉ', '85');
INSERT INTO `ciudad` VALUES ('85250', 'PAZ DE ARIPORO', '85');
INSERT INTO `ciudad` VALUES ('85263', 'PORE', '85');
INSERT INTO `ciudad` VALUES ('85279', 'RECETOR', '85');
INSERT INTO `ciudad` VALUES ('85300', 'SABANALARGA', '85');
INSERT INTO `ciudad` VALUES ('85315', 'SÁCAMA', '85');
INSERT INTO `ciudad` VALUES ('85325', 'SAN LUIS DE PALENQUE', '85');
INSERT INTO `ciudad` VALUES ('85400', 'TÁMARA', '85');
INSERT INTO `ciudad` VALUES ('85410', 'TAURAMENA', '85');
INSERT INTO `ciudad` VALUES ('85430', 'TRINIDAD', '85');
INSERT INTO `ciudad` VALUES ('85440', 'VILLANUEVA', '85');
INSERT INTO `ciudad` VALUES ('86001', 'MOCOA', '86');
INSERT INTO `ciudad` VALUES ('86219', 'COLÓN', '86');
INSERT INTO `ciudad` VALUES ('86320', 'ORITO', '86');
INSERT INTO `ciudad` VALUES ('86568', 'PUERTO ASÍS', '86');
INSERT INTO `ciudad` VALUES ('86569', 'PUERTO CAICEDO', '86');
INSERT INTO `ciudad` VALUES ('86571', 'PUERTO GUZMÁN', '86');
INSERT INTO `ciudad` VALUES ('86573', 'LEGUÍZAMO', '86');
INSERT INTO `ciudad` VALUES ('86749', 'SIBUNDOY', '86');
INSERT INTO `ciudad` VALUES ('86755', 'SAN FRANCISCO', '86');
INSERT INTO `ciudad` VALUES ('86757', 'SAN MIGUEL', '86');
INSERT INTO `ciudad` VALUES ('86760', 'SANTIAGO', '86');
INSERT INTO `ciudad` VALUES ('86865', 'VALLE DEL GUAMUEZ', '86');
INSERT INTO `ciudad` VALUES ('86885', 'VILLAGARZÓN', '86');
INSERT INTO `ciudad` VALUES ('88001', 'SAN ANDRÉS', '88');
INSERT INTO `ciudad` VALUES ('88564', 'PROVIDENCIA', '88');
INSERT INTO `ciudad` VALUES ('91001', 'LETICIA', '91');
INSERT INTO `ciudad` VALUES ('91263', 'EL ENCANTO', '91');
INSERT INTO `ciudad` VALUES ('91405', 'LA CHORRERA', '91');
INSERT INTO `ciudad` VALUES ('91407', 'LA PEDRERA', '91');
INSERT INTO `ciudad` VALUES ('91430', 'LA VICTORIA', '91');
INSERT INTO `ciudad` VALUES ('91460', 'MIRITI - PARANÁ', '91');
INSERT INTO `ciudad` VALUES ('91530', 'PUERTO ALEGRÍA', '91');
INSERT INTO `ciudad` VALUES ('91536', 'PUERTO ARICA', '91');
INSERT INTO `ciudad` VALUES ('91540', 'PUERTO NARIÑO', '91');
INSERT INTO `ciudad` VALUES ('91669', 'PUERTO SANTANDER', '91');
INSERT INTO `ciudad` VALUES ('91798', 'TARAPACÁ', '91');
INSERT INTO `ciudad` VALUES ('94001', 'INÍRIDA', '94');
INSERT INTO `ciudad` VALUES ('94343', 'BARRANCO MINAS', '94');
INSERT INTO `ciudad` VALUES ('94663', 'MAPIRIPANA', '94');
INSERT INTO `ciudad` VALUES ('94883', 'SAN FELIPE', '94');
INSERT INTO `ciudad` VALUES ('94884', 'PUERTO COLOMBIA', '94');
INSERT INTO `ciudad` VALUES ('94885', 'LA GUADALUPE', '94');
INSERT INTO `ciudad` VALUES ('94886', 'CACAHUAL', '94');
INSERT INTO `ciudad` VALUES ('94887', 'PANA PANA', '94');
INSERT INTO `ciudad` VALUES ('94888', 'MORICHAL', '94');
INSERT INTO `ciudad` VALUES ('95001', 'SAN JOSÉ DEL GUAVIARE', '95');
INSERT INTO `ciudad` VALUES ('95015', 'CALAMAR', '95');
INSERT INTO `ciudad` VALUES ('95025', 'EL RETORNO', '95');
INSERT INTO `ciudad` VALUES ('95200', 'MIRAFLORES', '95');
INSERT INTO `ciudad` VALUES ('97001', 'MITÚ', '97');
INSERT INTO `ciudad` VALUES ('97161', 'CARURU', '97');
INSERT INTO `ciudad` VALUES ('97511', 'PACOA', '97');
INSERT INTO `ciudad` VALUES ('97666', 'TARAIRA', '97');
INSERT INTO `ciudad` VALUES ('97777', 'PAPUNAUA', '97');
INSERT INTO `ciudad` VALUES ('97889', 'YAVARATÉ', '97');
INSERT INTO `ciudad` VALUES ('99001', 'PUERTO CARREÑO', '99');
INSERT INTO `ciudad` VALUES ('99524', 'LA PRIMAVERA', '99');
INSERT INTO `ciudad` VALUES ('99624', 'SANTA ROSALÍA', '99');
INSERT INTO `ciudad` VALUES ('99773', 'CUMARIBO', '99');

-- ----------------------------
-- Table structure for `contrato_diferente`
-- ----------------------------
DROP TABLE IF EXISTS `contrato_diferente`;
CREATE TABLE `contrato_diferente` (
  `id` int(10) NOT NULL AUTO_INCREMENT,
  `tp_ctto` varchar(30) DEFAULT NULL,
  `num_doc` varchar(15) DEFAULT NULL,
  `nom_pers` varchar(50) DEFAULT NULL,
  `dir` varchar(15) DEFAULT NULL,
  `cel` varchar(15) DEFAULT NULL,
  `correo` varchar(15) DEFAULT NULL,
  `fch_ini` varchar(15) DEFAULT NULL,
  `fch_term` varchar(15) DEFAULT NULL,
  `serv_obj_ctto` varchar(30) DEFAULT NULL,
  `val_ctto` int(15) DEFAULT NULL,
  `aporte_seg_soc` int(15) DEFAULT NULL,
  `aporte_arl` int(15) DEFAULT NULL,
  `aporte_pension` int(15) DEFAULT NULL,
  `arl` int(15) DEFAULT NULL,
  `vto_soat` varchar(15) DEFAULT NULL,
  `vto_tecnomecanica` varchar(15) DEFAULT NULL,
  `tipo` int(1) DEFAULT NULL COMMENT '1 tracto sucesivo, 2 arrendamiento inmueble, 3 arrendamiento vehiculo 4 prestacion servicios',
  PRIMARY KEY (`id`),
  KEY `num_doc` (`num_doc`),
  CONSTRAINT `contrato_diferente_ibfk_1` FOREIGN KEY (`num_doc`) REFERENCES `empleados_contratista` (`num_doc`)
) ENGINE=InnoDB DEFAULT CHARSET=latin1;

-- ----------------------------
-- Records of contrato_diferente
-- ----------------------------

-- ----------------------------
-- Table structure for `datos_contrato`
-- ----------------------------
DROP TABLE IF EXISTS `datos_contrato`;
CREATE TABLE `datos_contrato` (
  `id` int(10) NOT NULL AUTO_INCREMENT,
  `tp_ctto` varchar(30) DEFAULT NULL,
  `num_doc` varchar(15) DEFAULT NULL,
  `fch_ing` varchar(15) DEFAULT NULL,
  `fch_retiro` varchar(15) DEFAULT NULL,
  `institucion` varchar(50) DEFAULT NULL,
  `nit` varchar(15) DEFAULT NULL,
  `cod_zona` int(10) DEFAULT NULL,
  `cod_ciudad` int(10) DEFAULT NULL,
  `salario_basico` int(15) DEFAULT NULL,
  `cod_bancos` int(10) DEFAULT NULL,
  `tp_cta` varchar(20) DEFAULT NULL,
  `num_cta` int(20) DEFAULT NULL,
  `periodo_pago` varchar(20) DEFAULT NULL,
  `cod_fon_salud` int(10) DEFAULT NULL,
  `cod_arl` int(10) DEFAULT NULL,
  `atep` int(10) DEFAULT NULL,
  `tipo` int(2) DEFAULT NULL COMMENT '1 aprendiz sena, 2 contratista pasantia',
  PRIMARY KEY (`id`),
  KEY `cod_ciudad` (`cod_ciudad`),
  KEY `cod_bancos` (`cod_bancos`),
  KEY `cod_fon_salud` (`cod_fon_salud`),
  KEY `cod_arl` (`cod_arl`),
  KEY `num_doc` (`num_doc`),
  KEY `cod_zona` (`cod_zona`),
  CONSTRAINT `datos_contrato_ibfk_10` FOREIGN KEY (`cod_bancos`) REFERENCES `bancos` (`cod`),
  CONSTRAINT `datos_contrato_ibfk_5` FOREIGN KEY (`num_doc`) REFERENCES `empleados_contratista` (`num_doc`),
  CONSTRAINT `datos_contrato_ibfk_6` FOREIGN KEY (`cod_zona`) REFERENCES `zonas` (`cod`),
  CONSTRAINT `datos_contrato_ibfk_7` FOREIGN KEY (`cod_ciudad`) REFERENCES `ciudad` (`cod`),
  CONSTRAINT `datos_contrato_ibfk_8` FOREIGN KEY (`cod_arl`) REFERENCES `arl` (`cod`),
  CONSTRAINT `datos_contrato_ibfk_9` FOREIGN KEY (`cod_fon_salud`) REFERENCES `fondo_salud` (`cod`)
) ENGINE=InnoDB DEFAULT CHARSET=latin1;

-- ----------------------------
-- Records of datos_contrato
-- ----------------------------

-- ----------------------------
-- Table structure for `det_cursos`
-- ----------------------------
DROP TABLE IF EXISTS `det_cursos`;
CREATE TABLE `det_cursos` (
  `id` int(10) NOT NULL AUTO_INCREMENT,
  `cod_cursos` int(10) NOT NULL,
  `cod_instituciones` int(10) DEFAULT NULL,
  `num_doc` varchar(15) DEFAULT NULL,
  PRIMARY KEY (`id`),
  KEY `cod_cursos` (`cod_cursos`),
  KEY `cod_instituciones` (`cod_instituciones`),
  KEY `num_doc` (`num_doc`),
  CONSTRAINT `det_cursos_ibfk_1` FOREIGN KEY (`cod_cursos`) REFERENCES `listado_cursos` (`cod`),
  CONSTRAINT `det_cursos_ibfk_2` FOREIGN KEY (`cod_instituciones`) REFERENCES `instituciones` (`cod`),
  CONSTRAINT `det_cursos_ibfk_3` FOREIGN KEY (`num_doc`) REFERENCES `empleados_contratista` (`num_doc`)
) ENGINE=InnoDB DEFAULT CHARSET=latin1;

-- ----------------------------
-- Records of det_cursos
-- ----------------------------

-- ----------------------------
-- Table structure for `det_permiso_vacaciones`
-- ----------------------------
DROP TABLE IF EXISTS `det_permiso_vacaciones`;
CREATE TABLE `det_permiso_vacaciones` (
  `id` int(10) NOT NULL AUTO_INCREMENT,
  `hor_fch_desde` varchar(20) DEFAULT NULL,
  `desc` varchar(255) DEFAULT NULL,
  `hor_fch_hasta` varchar(20) DEFAULT NULL,
  PRIMARY KEY (`id`)
) ENGINE=InnoDB DEFAULT CHARSET=latin1;

-- ----------------------------
-- Records of det_permiso_vacaciones
-- ----------------------------

-- ----------------------------
-- Table structure for `dptos`
-- ----------------------------
DROP TABLE IF EXISTS `dptos`;
CREATE TABLE `dptos` (
  `cod` int(10) NOT NULL AUTO_INCREMENT,
  `nom` varchar(50) DEFAULT NULL,
  PRIMARY KEY (`cod`)
) ENGINE=InnoDB AUTO_INCREMENT=100 DEFAULT CHARSET=latin1;

-- ----------------------------
-- Records of dptos
-- ----------------------------
INSERT INTO `dptos` VALUES ('5', 'ANTIOQUIA');
INSERT INTO `dptos` VALUES ('8', 'ATLÁNTICO');
INSERT INTO `dptos` VALUES ('11', 'BOGOTÁ D.C');
INSERT INTO `dptos` VALUES ('13', 'BOLÍVAR');
INSERT INTO `dptos` VALUES ('15', 'BOYACÁ');
INSERT INTO `dptos` VALUES ('17', 'CALDAS');
INSERT INTO `dptos` VALUES ('18', 'CAQUETÁ');
INSERT INTO `dptos` VALUES ('19', 'CAUCA');
INSERT INTO `dptos` VALUES ('20', 'CESAR');
INSERT INTO `dptos` VALUES ('23', 'CÓRDOBA');
INSERT INTO `dptos` VALUES ('25', 'CUNDINAMARCA');
INSERT INTO `dptos` VALUES ('27', 'CHOCÓ');
INSERT INTO `dptos` VALUES ('41', 'HUILA');
INSERT INTO `dptos` VALUES ('44', 'LA GUAJIRA');
INSERT INTO `dptos` VALUES ('47', 'MAGDALENA');
INSERT INTO `dptos` VALUES ('50', 'META');
INSERT INTO `dptos` VALUES ('52', 'NARIÑO');
INSERT INTO `dptos` VALUES ('54', 'NORTE DE SANTANDER');
INSERT INTO `dptos` VALUES ('63', 'QUINDIO');
INSERT INTO `dptos` VALUES ('66', 'RISARALDA');
INSERT INTO `dptos` VALUES ('68', 'SANTANDER');
INSERT INTO `dptos` VALUES ('70', 'SUCRE');
INSERT INTO `dptos` VALUES ('73', 'TOLIMA');
INSERT INTO `dptos` VALUES ('76', 'VALLE DEL CAUCA');
INSERT INTO `dptos` VALUES ('81', 'ARAUCA');
INSERT INTO `dptos` VALUES ('85', 'CASANARE');
INSERT INTO `dptos` VALUES ('86', 'PUTUMAYO');
INSERT INTO `dptos` VALUES ('88', 'ARCHIPIÉLAGO DE SAN');
INSERT INTO `dptos` VALUES ('91', 'AMAZONAS');
INSERT INTO `dptos` VALUES ('94', 'GUAINÍA');
INSERT INTO `dptos` VALUES ('95', 'GUAVIARE');
INSERT INTO `dptos` VALUES ('97', 'VAUPÉS');
INSERT INTO `dptos` VALUES ('99', 'VICHADA');

-- ----------------------------
-- Table structure for `empleados_contratista`
-- ----------------------------
DROP TABLE IF EXISTS `empleados_contratista`;
CREATE TABLE `empleados_contratista` (
  `num_doc` varchar(15) NOT NULL,
  `nom` varchar(50) DEFAULT NULL,
  `apellido` varchar(50) DEFAULT NULL,
  `tp_doc` varchar(20) DEFAULT NULL,
  `f_expedicion` varchar(20) DEFAULT NULL,
  `dpto_cod` int(10) DEFAULT NULL,
  `cod_ciudad` int(10) DEFAULT NULL,
  `f_nac` varchar(20) DEFAULT NULL,
  `cod_dptos` varchar(10) DEFAULT NULL,
  `cod_ciud` int(10) DEFAULT NULL,
  `RH` varchar(5) DEFAULT NULL,
  `genero` varchar(15) DEFAULT NULL,
  `edad` int(5) DEFAULT NULL,
  `num_hijos` int(5) DEFAULT NULL,
  `est_civil` varchar(20) DEFAULT NULL,
  `dir` varchar(100) DEFAULT NULL,
  `tlf` varchar(15) DEFAULT NULL,
  `correo` varchar(50) DEFAULT NULL,
  `foto` varchar(50) DEFAULT NULL COMMENT '1 empleado 2 contratista',
  `tipo` int(1) DEFAULT NULL COMMENT 'Tipo 1 Empleado, 2 contratista',
  PRIMARY KEY (`num_doc`),
  KEY `dpto_cod` (`dpto_cod`),
  KEY `cod_dptos` (`cod_dptos`),
  KEY `cod_ciudad` (`cod_ciudad`),
  KEY `cod_ciud` (`cod_ciud`),
  CONSTRAINT `empleados_contratista_ibfk_4` FOREIGN KEY (`cod_ciudad`) REFERENCES `ciudad` (`cod`),
  CONSTRAINT `empleados_contratista_ibfk_5` FOREIGN KEY (`cod_ciud`) REFERENCES `ciudad` (`cod`)
) ENGINE=InnoDB DEFAULT CHARSET=latin1;

-- ----------------------------
-- Records of empleados_contratista
-- ----------------------------

-- ----------------------------
-- Table structure for `fondo_pensiones`
-- ----------------------------
DROP TABLE IF EXISTS `fondo_pensiones`;
CREATE TABLE `fondo_pensiones` (
  `cod` int(10) NOT NULL AUTO_INCREMENT,
  `nom` varchar(50) DEFAULT NULL,
  `nit` varchar(15) DEFAULT NULL,
  PRIMARY KEY (`cod`)
) ENGINE=InnoDB DEFAULT CHARSET=latin1;

-- ----------------------------
-- Records of fondo_pensiones
-- ----------------------------

-- ----------------------------
-- Table structure for `fondo_salud`
-- ----------------------------
DROP TABLE IF EXISTS `fondo_salud`;
CREATE TABLE `fondo_salud` (
  `cod` int(10) NOT NULL AUTO_INCREMENT,
  `nom` varchar(50) DEFAULT NULL,
  `nit` varchar(10) DEFAULT NULL,
  PRIMARY KEY (`cod`)
) ENGINE=InnoDB DEFAULT CHARSET=latin1;

-- ----------------------------
-- Records of fondo_salud
-- ----------------------------

-- ----------------------------
-- Table structure for `instituciones`
-- ----------------------------
DROP TABLE IF EXISTS `instituciones`;
CREATE TABLE `instituciones` (
  `cod` int(10) NOT NULL AUTO_INCREMENT,
  `nombre` varchar(50) DEFAULT NULL,
  PRIMARY KEY (`cod`)
) ENGINE=InnoDB DEFAULT CHARSET=latin1;

-- ----------------------------
-- Records of instituciones
-- ----------------------------

-- ----------------------------
-- Table structure for `listado_cursos`
-- ----------------------------
DROP TABLE IF EXISTS `listado_cursos`;
CREATE TABLE `listado_cursos` (
  `cod` int(10) NOT NULL AUTO_INCREMENT,
  `nom` varchar(50) DEFAULT NULL,
  PRIMARY KEY (`cod`)
) ENGINE=InnoDB DEFAULT CHARSET=latin1;

-- ----------------------------
-- Records of listado_cursos
-- ----------------------------

-- ----------------------------
-- Table structure for `permisos_vaciones`
-- ----------------------------
DROP TABLE IF EXISTS `permisos_vaciones`;
CREATE TABLE `permisos_vaciones` (
  `cod` int(10) NOT NULL,
  `num_doc` varchar(15) DEFAULT NULL,
  `tipo` varchar(1) DEFAULT NULL COMMENT '1 vacaciones 2 permisos',
  `det_permiso` int(10) DEFAULT NULL,
  PRIMARY KEY (`cod`),
  KEY `cod` (`cod`),
  KEY `num_doc` (`num_doc`),
  KEY `det_permiso` (`det_permiso`),
  CONSTRAINT `permisos_vaciones_ibfk_1` FOREIGN KEY (`num_doc`) REFERENCES `empleados_contratista` (`num_doc`),
  CONSTRAINT `permisos_vaciones_ibfk_2` FOREIGN KEY (`det_permiso`) REFERENCES `det_permiso_vacaciones` (`id`)
) ENGINE=InnoDB DEFAULT CHARSET=latin1;

-- ----------------------------
-- Records of permisos_vaciones
-- ----------------------------

-- ----------------------------
-- Table structure for `registro_contratos`
-- ----------------------------
DROP TABLE IF EXISTS `registro_contratos`;
CREATE TABLE `registro_contratos` (
  `id` int(10) NOT NULL AUTO_INCREMENT,
  `tp_ctto` varchar(50) DEFAULT NULL,
  `num_doc` int(15) DEFAULT NULL,
  `cargos_cod` int(10) DEFAULT NULL,
  `tp_cargo` varchar(50) DEFAULT NULL,
  `fch_ing` varchar(20) DEFAULT NULL,
  `fch_retiro` varchar(20) DEFAULT NULL,
  `zona_lab` varchar(10) DEFAULT NULL,
  `cod_ciudad` varchar(10) DEFAULT NULL,
  `salario_basico` int(15) DEFAULT NULL,
  `aux_mov` int(15) DEFAULT NULL,
  `aux_transp` int(15) DEFAULT NULL,
  `cod_banco` int(10) DEFAULT NULL,
  `tp_cta` varchar(20) DEFAULT NULL,
  `num_cta` int(20) DEFAULT NULL,
  `per_pago` varchar(20) DEFAULT NULL,
  `cod_fon_salud` int(10) DEFAULT NULL,
  `fon_pensiones` int(10) DEFAULT NULL,
  `caja_compensaccion` int(10) DEFAULT NULL,
  `cod_arl` int(50) DEFAULT NULL,
  `porcATEP` int(10) DEFAULT NULL,
  `motocicleta` char(1) DEFAULT NULL,
  `placa` varchar(6) DEFAULT NULL,
  `modelo` varchar(4) DEFAULT NULL,
  `marca` varchar(30) DEFAULT NULL,
  `cilindraje` varchar(15) DEFAULT NULL,
  `color` varchar(50) DEFAULT NULL,
  `SOAT` varchar(40) DEFAULT NULL,
  `cod_aseguradora` int(10) DEFAULT NULL,
  `f_vencimiento` varchar(20) DEFAULT NULL,
  `institucion` varchar(50) DEFAULT NULL,
  `f_certificacion` varchar(20) DEFAULT NULL,
  `f_venci_certficacion` varchar(20) DEFAULT NULL,
  PRIMARY KEY (`id`),
  KEY `cargos_cod` (`cargos_cod`),
  KEY `cod_zona_lab` (`zona_lab`),
  KEY `cod_ciudad` (`cod_ciudad`),
  KEY `cod_banco_cta` (`cod_banco`),
  KEY `fon_salud` (`cod_fon_salud`),
  KEY `fon_pensiones` (`fon_pensiones`),
  KEY `caja_compensaccion` (`caja_compensaccion`),
  KEY `cod_arl` (`cod_arl`),
  KEY `cod_aseguradora` (`cod_aseguradora`),
  CONSTRAINT `registro_contratos_ibfk_10` FOREIGN KEY (`cod_arl`) REFERENCES `arl` (`cod`),
  CONSTRAINT `registro_contratos_ibfk_11` FOREIGN KEY (`cod_fon_salud`) REFERENCES `fondo_salud` (`cod`),
  CONSTRAINT `registro_contratos_ibfk_12` FOREIGN KEY (`fon_pensiones`) REFERENCES `fondo_pensiones` (`cod`),
  CONSTRAINT `registro_contratos_ibfk_13` FOREIGN KEY (`caja_compensaccion`) REFERENCES `caja_compensacion` (`cod`),
  CONSTRAINT `registro_contratos_ibfk_14` FOREIGN KEY (`cod_aseguradora`) REFERENCES `aseguradora` (`cod`),
  CONSTRAINT `registro_contratos_ibfk_15` FOREIGN KEY (`cargos_cod`) REFERENCES `cargos` (`cod`),
  CONSTRAINT `registro_contratos_ibfk_3` FOREIGN KEY (`cod_ciudad`) REFERENCES `ciudades` (`cod`)
) ENGINE=InnoDB DEFAULT CHARSET=latin1;

-- ----------------------------
-- Records of registro_contratos
-- ----------------------------

-- ----------------------------
-- Table structure for `usuarios`
-- ----------------------------
DROP TABLE IF EXISTS `usuarios`;
CREATE TABLE `usuarios` (
  `usuario` varchar(30) NOT NULL,
  `contraseña` int(30) DEFAULT NULL,
  `rol` varchar(20) DEFAULT NULL,
  PRIMARY KEY (`usuario`)
) ENGINE=InnoDB DEFAULT CHARSET=latin1;

-- ----------------------------
-- Records of usuarios
-- ----------------------------

-- ----------------------------
-- Table structure for `zonas`
-- ----------------------------
DROP TABLE IF EXISTS `zonas`;
CREATE TABLE `zonas` (
  `cod` int(10) NOT NULL AUTO_INCREMENT,
  `nombre` varchar(50) DEFAULT NULL,
  `cod_ciudad` int(10) DEFAULT NULL,
  PRIMARY KEY (`cod`),
  KEY `cod_ciudad` (`cod_ciudad`),
  CONSTRAINT `zonas_ibfk_1` FOREIGN KEY (`cod_ciudad`) REFERENCES `ciudad` (`cod`)
) ENGINE=InnoDB DEFAULT CHARSET=latin1;

-- ----------------------------
-- Records of zonas
-- ----------------------------
